1;Ghost;517,600,000
2;Home Alone;476,684,675
3;Pretty Woman;432,645,872
4;Dances with Wolves;424,200,000
5;Total Recall;261,400,000
6;Back to the Future Part III;244,088,654
7;Die Hard 2;239,814,025
8;Presumed Innocent;221,300,000
9;Kindergarten Cop;202,000,000
10;Teenage Mutant Ninja Turtles;202,000,000
11;The Hunt for Red October;200,500,000
12;Dick Tracy;162,738,726
13;Days of Thunder;157,670,733
14;Another 48 Hrs.;152,747,413
15;Bird on a Wire;138,697,012
16;Rocky V;119,946,358
17;Problem Child;72,270,895
18;3 Men and a Little Lady;71,609,321
19;The Godfather: Part III;66,520,529
20;Flatliners;61,308,153
21;Misery;61,158,960
22;Predator 2;54,768,418
23;Edward Scissorhands;53,976,987
24;Arachnophobia;53,208,180
25;Awakenings;51,636,504
26;The Rescuers Down Under;47,431,461
27;Hard To Kill;47,381,527
28;Goodfellas;46,777,347
29;Look Who's Talking Too;46,614,448
30;RoboCop 2;45,681,173
31;Young Guns II;44,143,410
32;Marked for Death;43,224,499
33;Gremlins 2: The New Batch;41,476,097
34;Joe Versus the Volcano;39,381,963
35;Postcards from the Edge;37,963,281
36;Mermaids;35,140,500
37;Child's Play 2;34,166,572
38;Darkman;32,942,739
39;Air America;32,914,515
40;Green Card;29,804,169
41;Pacific Heights;29,381,956
42;Internal Affairs;27,789,904
43;Memphis Belle;27,385,582
44;Cadillac Man;27,257,086
45;House Party;26,385,627
46;Jacob’s Ladder;25,965,144
47;Ernest Goes to Jail;25,029,569
48;The Exorcist III;25,011,739
49;Navy SEALs;24,824,126
50;My Blue Heaven;23,591,472
51;Henry & June;23,411,903
52;Ghost Dad;23,007,150
53;The Russia House;22,998,000
54;Hamlet;22,493,727
55;The Rookie;21,633,874
56;Quigley Down Under;21,413,105
57;The First Power;21,365,321
58;The Freshman;21,289,527
59;Madhouse;20,438,179
60;The Adventures of Ford Fairlane;20,423,389
61;Stella;20,062,347
62;Taking Care of Business;20,005,435
63;Betsy's Wedding;19,740,070
64;Jetsons: The Movie;19,543,985
65;DuckTales: The Movie - Treasure of the Lost Lamp;18,075,331
66;Sibling Rivalry;17,854,933
67;White Palace;17,487,531
68;Tremors;16,667,084
69;Tales from the Darkside: The Movie;16,324,573
70;Mo' Better Blues;16,153,000
71;Men At Work;16,151,032
72;The Guardian;16,140,440
73;Avalon;15,702,685
74;I Love You to Death;15,600,149
75;Revenge;15,535,771
76;Reversal of Fortune;15,445,131
77;The Bonfire of the Vanities;15,432,314
78;Death Warrant;15,394,200
79;Mr. Destiny;15,379,253
80;The Witches;15,360,553
81;Quick Change;15,260,154
82;Spaced Invaders;15,000,000
83;Fire Birds;14,760,451
84;Wild at Heart;14,560,000
85;Lord of the Flies;13,812,230
86;The Long Walk Home;13,798,030
87;Crazy People;13,204,459
88;The Grifters;12,850,000
89;Bad Influence;12,626,043
90;Nuovo cinema Paradiso;12,026,101
91;Graveyard Shift;11,578,883
92;Pump Up the Volume;11,541,758
93;Opportunity Knocks;11,359,129
94;Q & A;11,207,000
95;Wild Orchid;11,000,000
96;Nuns on the Run;10,959,015
97;Narrow Margin;10,873,237
98;The Two Jakes;10,005,969
1;Beauty and the Beast;608,431,132
2;Terminator 2: Judgment Day;515,419,827
3;Robin Hood: Prince of Thieves;390,500,000
4;Hook;300,854,823
5;The Silence of the Lambs;275,726,716
6;JFK;205,400,000
7;The Addams Family;191,502,246
8;Cape Fear;182,291,969
9;Hot Shots!;176,267,322
10;Sleeping with the Enemy;174,968,942
11;Backdraft;152,368,585
12;City Slickers;124,033,791
13;Star Trek VI: The Undiscovered Country;96,900,000
14;Father of the Bride;89,325,780
15;The Naked Gun 2½: The Smell of Fear;86,930,411
16;Point Break;83,531,958
17;Dying Young;81,264,473
18;Fried Green Tomatoes;81,204,830
19;Teenage Mutant Ninja Turtles II: The Secret of …;78,656,813
20;The Prince of Tides;74,787,599
21;Antarctica;66,070,389
22;The Hard Way;65,525,330
23;What About Bob?;63,710,000
24;The Last Boy Scout;59,509,925
25;My Girl;58,011,485
26;Boyz n the Hood;56,215,095
27;Doc Hollywood;54,751,779
28;Bugsy;49,103,967
29;New Jack City;47,624,253
30;The Rocketeer;46,573,027
31;Thelma & Louise;45,427,050
32;Regarding Henry;43,001,500
33;The Fisher King;41,798,224
34;Grand Canyon;40,098,309
35;Out for Justice;39,673,161
36;Dead Again;38,016,380
37;Bill & Ted's Bogus Journey;37,537,675
38;The Doctor;37,497,480
39;Soapdish;36,489,888
40;Other People's Money;35,682,000
41;Freddy’s Dead: The Final Nightmare;34,872,033
42;White Fang;34,729,091
43;The Doors;34,416,893
44;Curly Sue;33,644,430
45;King Ralph;33,512,735
46;Jungle Fever;31,739,045
47;Double Impact;29,090,445
48;Madonna: Truth or Dare;29,012,935
49;L.A. Story;28,854,480
50;Deceived;28,738,096
51;Necessary Roughness;26,255,594
52;Don't Tell Mom the Babysitter's Dead;25,122,195
53;Problem Child 2;25,104,700
54;Little Man Tate;24,989,789
55;The People Under the Stairs;24,204,000
56;Class Action;23,968,042
57;Oscar;23,562,716
58;Frankie and Johnny;22,773,535
59;Pure Luck;22,641,969
60;Lionheart;22,545,360
61;Only the Lonely;21,830,957
62;Ricochet;21,756,163
63;F/X2;21,075,831
64;Mobsters;20,246,790
65;An American Tail: Fievel Goes West;20,218,664
66;Child's Play 3;19,850,380
67;House Party 2;19,438,638
68;Mortal Thoughts;19,018,321
69;Paradise;18,634,643
70;For the Boys;17,684,580
71;Hudson Hawk;17,218,916
72;The NeverEnding Story II: The Next Chapter;17,116,963
73;Defending Your Life;16,371,128
74;Billy Bathgate;15,565,363
75;Switch;15,545,943
76;Toy Soldiers;15,073,942
77;Haakon Haakonsen;15,024,232
78;Once Around;14,851,000
79;All I Want For Christmas;14,812,144
80;Not Without My Daughter;14,789,113
81;A Kiss Before Dying;14,769,755
82;Flight of the Intruder;14,471,440
83;Highlander II: The Quickening;14,184,134
84;Ernest Scared Stupid;14,143,280
85;The Perfect Weapon;14,061,361
86;The Commitments;13,955,001
87;Drop Dead Fred;13,746,300
88;The Marrying Man;12,454,768
89;Year of the Gun;11,820,000
90;Shattered;11,511,031
91;One Good Cop;11,276,846
92;V.I. Warshawski;11,128,309
93;The Super;11,000,863
94;Career Opportunities;10,986,645
95;A Rage in Harlem;10,438,504
1;Aladdin;504,050,219
2;The Bodyguard;410,899,366
3;Home Alone 2: Lost in New York;358,994,850
4;Basic Instinct;352,700,000
5;Lethal Weapon 3;319,700,000
6;Batman Returns;266,824,291
7;A Few Good Men;236,500,000
8;Sister Act;231,600,000
9;Bram Stoker's Dracula;215,862,692
10;Wayne's World;183,097,323
11;Patriot Games;178,100,000
12;Unforgiven;159,157,447
13;Alien 3;158,500,000
14;Under Siege;156,563,139
15;Death Becomes Her;149,022,650
16;A League of Their Own;132,440,066
17;Boomerang;131,052,444
18;Forever Young;127,942,530
19;HouseSitter;94,900,635
20;White Men Can't Jump;90,753,806
21;The Hand That Rocks the Cradle;88,036,683
22;The Last of the Mohicans;75,505,856
23;Stop! Or My Mom Will Shoot;70,411,000
24;Hero;66,787,173
25;Scent of a Woman;63,895,607
26;The Crying Game;62,546,695
27;Far and Away;58,883,840
28;Honey I Blew Up the Kid;58,662,452
29;Unlawful Entry;57,138,719
30;Beethoven;56,979,478
31;My Cousin Vinny;52,929,168
32;Sneakers;51,433,000
33;The Mighty Ducks;50,752,337
34;Malcolm X;48,169,910
35;Single White Female;48,017,402
36;The Distinguished Gentleman;46,434,570
37;Medicine Man;44,948,240
38;Passenger 57;44,065,653
39;A River Runs Through It;43,440,294
40;Mo' Money;40,190,000
41;Encino Man;40,057,130
42;Universal Soldier;36,299,898
43;Honeymoon in Vegas;35,208,854
44;The Lawnmower Man;32,100,816
45;Sleepwalkers;30,524,763
46;3 Ninjas;29,028,000
47;The Player;28,876,702
48;Final Analysis;28,590,665
49;Hoffa;28,391,473
50;The Muppet Christmas Carol;27,492,918
51;Howards End;26,317,943
52;Candyman;25,554,348
53;The Cutting Edge;23,131,735
54;Prelude to a Kiss;22,697,691
55;Thunderheart;22,660,758
56;Captain Ron;22,518,097
57;Leap of Faith;22,293,343
58;Shining Through;21,733,781
59;Consenting Adults;21,591,728
60;Toys;21,452,082
61;Straight Talk;21,202,099
62;Raising Cain;21,171,695
63;Ferngully… The Last Rainforest;21,111,825
64;Mr. Baseball;20,883,046
65;Juice;20,146,800
66;Kuffs;19,618,135
67;The Babe;19,464,550
68;Singles;18,471,850
69;Used People;17,957,265
70;Pet Sematary II;17,092,453
71;Freejack;17,033,142
72;Deep Cover;16,639,799
73;Ladybugs;14,796,494
74;School Ties;14,715,067
75;City of Joy;14,371,061
76;Memoirs of an Invisible Man;14,358,033
77;Rapid Fire;14,356,479
78;Buffy the Vampire Slayer;14,231,669
79;Cool World;14,110,589
80;Trespass;13,747,138
81;Mr. Saturday Night;13,351,357
82;Class Act;13,226,469
83;Enchanted April;13,200,170
84;Hellraiser III: Hell on Earth;12,525,537
85;A Stranger Among Us;12,282,994
86;Rock-a-Doodle;11,657,385
87;American Me;11,318,100
88;Jennifer Eight;11,281,492
89;Whispers in the Dark;11,124,511
90;Stay Tuned;10,736,401
91;Glengarry Glen Ross;10,725,228
92;Pure Country;10,705,365
93;Husbands and Wives;10,555,619
1;Jurassic Park;1,038,812,584
2;Mrs. Doubtfire;441,286,003
3;The Fugitive;353,715,317
4;Schindler’s List;321,997,516
5;The Firm;270,340,892
6;Indecent Proposal;266,600,000
7;Cliffhanger;255,000,000
8;Sleepless in Seattle;227,899,326
9;Philadelphia;201,324,422
10;The Pelican Brief;187,995,859
11;In the Line of Fire;187,343,874
12;Demolition Man;159,055,768
13;Cool Runnings;155,056,263
14;Free Willy;153,698,625
15;Sommersby;140,081,992
16;Last Action Hero;137,298,489
17;Hot Shots! Part Deux;133,448,689
18;Dennis the Menace;117,270,765
19;Sliver;116,280,867
20;Made In America;104,942,695
21;The Nightmare Before Christmas;75,271,101
22;Groundhog Day;70,906,973
23;Grumpy Old Men;70,172,621
24;The Remains of the Day;63,954,968
25;Dave;63,270,710
26;Rising Sun;63,095,271
27;Sister Act 2 Back in the Habit;57,319,029
28;Tombstone;56,505,065
29;The Beverly Hillbillies;55,598,481
30;The Three Musketeers;53,661,805
31;Rookie of the Year;53,579,269
32;Beethoven's 2nd;52,636,940
33;Nowhere to Run;52,189,039
34;Wayne's World 2;47,965,000
35;Fortress;46,730,578
36;Addams Family Values;46,293,855
37;Malice;46,038,636
38;The Good Son;44,456,478
39;Teenage Mutant Ninja Turtles III;42,273,609
40;Homeward Bound: The Incredible Journey;41,833,324
41;Falling Down;40,903,593
42;The Piano;40,168,957
43;Hocus Pocus;39,360,491
44;What's Love Got to Do With It;39,100,956
45;Carlito's Way;36,516,012
46;Alive;36,299,670
47;Robin Hood: Men in Tights;35,699,287
48;Dragon: The Bruce Lee Story;35,112,679
49;The Joy Luck Club;32,790,064
50;The Sandlot;32,416,586
51;The Age of Innocence;32,014,993
52;Hard Target;31,636,358
53;Cop and ½;31,226,971
54;The Secret Garden;31,181,000
55;A Perfect World;31,160,784
56;Point of No Return;30,038,362
57;Loaded Weapon 1;27,979,399
58;Menace II Society;27,731,527
59;My Life;27,484,464
60;Poetic Justice;27,450,453
61;Son in Law;25,989,889
62;Shadowlands;25,842,377
63;In the Name of the Father;25,096,862
64;The Man Without a Face;24,760,338
65;The Adventures of Huck Finn;24,103,594
66;Striking Distance;23,798,623
67;Benny & Joon;23,202,734
68;The Program;23,042,200
69;Rudy;22,750,363
70;Guilty as Sin;22,622,537
71;Much Ado About Nothing;22,549,338
72;Como agua para chocolate;21,656,534
73;Army of Darkness;21,502,976
74;Coneheads;21,153,686
75;Super Mario Bros.;20,844,907
76;Another Stakeout;20,107,504
77;Fire in the Sky;19,724,334
78;Posse;19,290,000
79;Sniper;18,994,653
80;Untamed Heart;18,899,204
81;Geronimo: An American Legend;18,296,646
82;Born Yesterday;17,760,754
83;CB4;17,642,060
84;A Bronx Tale;17,239,789
85;Sidekicks;17,180,393
86;Heart and Souls;16,479,685
87;Jason Goes to Hell: The Final Friday;15,935,068
88;Needful Things;15,185,672
89;Indian Summer;14,717,851
90;The Vanishing;14,543,394
91;Body of Evidence;13,734,039
92;Knight Moves;13,668,149
93;The Crush;13,609,396
94;Man's Best Friend;12,974,636
95;A Far Off Place;12,890,752
96;Weekend at Bernie's II;12,741,891
97;Undercover Blues;12,416,686
98;Life With Mikey;12,349,549
99;True Romance;12,309,980
100;Judgment Night;12,108,480
1;The Lion King;986,214,868
2;Forrest Gump;679,850,637
3;True Lies;365,300,000
4;The Flintstones;358,500,000
5;The Mask;351,620,129
6;Speed;283,200,000
7;Dumb & Dumber;246,400,000
8;Four Weddings and a Funeral;242,895,809
9;Interview with the Vampire: The Vampire Chronicles;223,564,608
10;Pulp Fiction;212,928,762
11;Disclosure;212,200,000
12;Clear and Present Danger;207,500,000
13;Stargate;196,565,669
14;The Santa Clause;189,800,000
15;Maverick;183,015,237
16;Legends of the Fall;160,502,573
17;Wolf;131,011,757
18;Star Trek: Generations;120,000,000
19;Beverly Hills Cop III;119,180,938
20;The Client;117,615,211
21;Frankenstein;112,006,296
22;Junior;108,431,355
23;Ace Ventura: Pet Detective;107,217,396
24;Timecop;102,053,581
25;Street Fighter;99,423,000
26;The River Wild;94,215,000
27;The Little Rascals;66,947,950
28;I Love Trouble;61,947,267
29;The Specialist;57,362,581
30;Naked Gun 33 1/3: The Final Insult;51,041,856
31;The Crow;50,638,075
32;Natural Born Killers;50,282,766
33;Angels in the Outfield;50,236,831
34;When a Man Loves a Woman;50,021,959
35;Little Women;50,003,303
36;The Paper;46,368,310
37;Miracle on 34th Street;46,295,886
38;D2: The Mighty Ducks;45,604,206
39;Léon;45,284,974
40;The Jungle Book;44,342,956
41;City Slickers II: The Legend of Curly's Gold;43,440,947
42;Nobody's Fool;39,453,238
43;On Deadly Ground;38,590,458
44;Ri¢hie Ri¢h;38,087,756
45;It Could Happen To You;37,784,369
46;Nell;33,592,700
47;The Shadow;31,835,600
48;Major League II;30,626,182
49;Blank Check;30,573,770
50;Blown Away;30,133,002
51;A Low Down Dirty Shame;29,317,886
52;In the Army Now;28,881,266
53;Drop Zone;28,607,015
54;The Shawshank Redemption;28,307,092
55;Guarding Tess;27,023,278
56;I.Q.;26,265,119
57;My Father the Hero;25,479,558
58;Wyatt Earp;25,052,000
59;Quiz Show;24,787,282
60;Renaissance Man;24,172,899
61;Hum Aapke Hain Kaun...!;23,450,000
62;Blue Chips;22,359,041
63;8 Seconds;21,342,390
64;Jason's Lyric;20,788,730
65;The Air Up There;20,782,439
66;Intersection;20,643,034
67;Iron Will;20,623,071
68;Speechless;20,564,705
69;;orrina, Corrina
70;Reality Bites;20,079,850
71;With Honors;20,043,254
72;Only You;20,042,048
73;Prêt-à-Porter;19,806,668
74;Color of Night;19,750,470
75;The Cowboy Way;19,731,505
76;Little Giants;19,306,362
77;House Party 3;19,194,572
78;Sugar Hill;18,423,914
79;Love Affair;18,272,894
80;Getting Even With Dad;18,195,538
81;Milk Money;18,121,466
82;Wes Craven's New Nightmare;18,090,181
83;No Escape;17,213,233
84;Lightning Jack;16,821,273
85;Andre;16,774,699
86;Blink;16,668,552
87;Baby's Day Out;16,581,575
88;My Girl 2;16,559,100
89;The War;16,480,770
90;Terminal Velocity;16,478,900
91;Monkey Trouble;16,344,520
92;Above the Rim;16,026,469
93;The Next Karate Kid;15,851,228
94;The Getaway;15,545,115
95;Bad Girls;15,187,851
96;The Madness of King George;15,122,669
97;The Hudsucker Proxy;14,938,149
98;Threesome;14,793,701
99;Bullets Over Broadway;13,383,747
100;Greedy;13,137,484
1;Die Hard: With a Vengeance;366,101,666
2;Toy Story;364,545,516
3;Goldeneye;356,429,941
4;Pocahontas;347,100,000
5;Batman Forever;336,529,144
6;Apollo 13;335,802,271
7;Se7en;328,125,643
8;Casper;282,300,000
9;Waterworld;264,246,220
10;Jumanji;262,758,310
11;Babe;246,100,000
12;Ace Ventura: When Nature Calls;212,400,000
13;Braveheart;209,045,244
14;Outbreak;190,023,573
15;Heat;187,436,281
16;While You Were Sleeping;182,057,016
17;Dangerous Minds;178,919,401
18;The Bridges of Madison County;175,516,617
19;12 Monkeys;168,841,459
20;Crimson Tide;159,387,195
21;Congo;152,022,333
22;Bad Boys;141,247,413
23;Nine Months;138,486,431
24;Sense and Sensibility;134,993,774
25;First Knight;127,361,412
26;Mortal Kombat;122,133,227
27;Get Shorty;115,021,008
28;Judge Dredd;113,487,912
29;Species;113,354,449
30;The Net;110,521,733
31;Casino;110,400,000
32;The American President;107,822,813
33;Mr. Holland’s Opus;106,282,604
34;Under Siege 2: Dark Territory;104,324,083
35;French Kiss;98,393,930
36;Sabrina;87,100,000
37;Assassins;83,306,268
38;Dead Man Walking;83,088,295
39;Waiting to Exhale;81,347,948
40;Something to Talk About;77,307,226
41;Money Train;77,224,232
42;Father of the Bride Part II;76,578,911
43;Grumpier Old Men;71,518,503
44;The Living Sea;64,800,000
45;Clueless;56,598,476
46;A Walk in the Clouds;50,008,143
47;Leaving Las Vegas;49,800,000
48;The Brady Bunch Movie;46,546,167
49;Man of the House;40,029,009
50;Higher Learning;38,023,585
51;Mighty Morphin Power Rangers: The Movie;37,785,198
52;Showgirls;37,750,754
53;Just Cause;36,853,222
54;;o Wong Foo Thanks for Everything, Julie Newmar
55;Across The Sea of Time;36,216,173
56;The Indian in the Cupboard;35,627,222
57;A Goofy Movie;35,336,439
58;Nixon;34,668,249
59;The Usual Suspects;34,449,356
60;Wings of Courage;34,240,094
61;Forget Paris;33,194,512
62;Tommy Boy;32,648,673
63;Copycat;32,051,917
64;Rob Roy;31,390,587
65;Powder;30,833,914
66;Free Willy 2: The Adventure Home;30,077,111
67;Major Payne;29,412,050
68;Friday;27,936,778
69;To Die For;27,688,744
70;Now and Then;27,067,247
71;Houseguest;26,325,256
72;Fair Game;26,097,497
73;Mighty Aphrodite;26,000,000
74;Desperado;25,532,388
75;Billy Madison;25,460,475
76;Operation Dumbo Drop;24,670,346
77;Dolores Claiborne;24,262,193
78;Dead Presidents;24,120,194
79;Virtuosity;23,998,226
80;Tom and Huck;23,837,227
81;How to Make an American Quilt;23,600,020
82;Boys on the Side;23,418,200
83;Circle of Friends;23,389,975
84;Home for the Holidays;22,119,269
85;Don Juan DeMarco;22,032,635
86;Il Postino;21,812,813
87;Tales from the Crypt: Demon Knight;21,089,146
88;Kids;20,412,216
89;Sudden Death;20,214,270
90;Vampire in Brooklyn;19,637,147
91;It Takes Two;19,474,589
92;Johnny Mnemonic;19,006,201
93;The Quick and the Dead;18,552,460
94;Cutthroat Island;18,517,322
95;The Big Green;17,736,619
96;Heavy Weights;17,671,310
97;Murder in the First;17,300,238
98;Jury Duty;16,941,552
99;The Prophecy;16,091,660
100;Devil in a Blue Dress;16,030,096
1;Independence Day;817,400,878
2;Twister;495,700,000
3;Mission: Impossible;457,697,994
4;The Rock;336,069,511
5;The Hunchback of Notre Dame;325,500,000
6;Ransom;308,700,000
7;101 Dalmatians;304,200,000
8;Jerry Maguire;274,000,000
9;The Nutty Professor;273,814,019
10;Space Jam;250,200,000
11;Eraser;234,400,000
12;The English Patient;231,710,008
13;The Birdcage;181,760,553
14;The First Wives Club;181,489,203
15;Scream;173,046,663
16;Sleepers;165,600,852
17;Daylight;158,908,290
18;A Time to Kill;152,266,007
19;Phenomenon;152,036,382
20;Evita;151,947,179
21;Star Trek: First Contact;150,000,000
22;Broken Arrow;148,345,997
23;Romeo+Juliet;147,542,381
24;Jingle All the Way;129,832,389
25;Executive Decision;122,079,192
26;Michael;119,745,070
27;Striptease;113,309,743
28;Dragonheart;104,364,680
29;The Cable Guy;102,825,796
30;Primal Fear;102,573,633
31;Mars Attacks!;101,371,017
32;Courage Under Fire;100,833,145
33;Up Close & Personal;100,645,801
34;Les Visiteurs;98,754,000
35;Tin Cup;75,854,588
36;Trainspotting;71,558,971
37;Beavis and Butt-Head Do America;63,118,386
38;Chain Reaction;60,209,334
39;Jack;58,617,334
40;The Craft;55,669,466
41;Maximum Risk;51,702,929
42;Fargo;51,204,567
43;The Preacher's Wife;48,102,795
44;One Fine Day;46,169,663
45;The Mirror Has Two Faces;41,267,469
46;Happy Gilmore;41,004,412
47;The Ghost and the Darkness;38,564,422
48;Sgt. Bilko;37,956,589
49;Emma;37,831,658
50;The Adventures of Pinocchio;36,682,170
51;Shine;36,672,493
52;Fly Away Home;36,469,322
53;The Glimmer Man;36,404,841
54;Rumble in the Bronx;36,238,752
55;Set It Off;36,049,108
56;A Thin Line Between Love & Hate;34,873,513
57;Everyone Says I Love You;34,600,000
58;That Thing You Do!;34,557,416
59;Muppet Treasure Island;34,327,391
60;Sling Blade;34,175,000
61;The Truth About Cats & Dogs;34,084,531
62;The Long Kiss Goodnight;33,447,612
63;Matilda;33,098,222
64;Homeward Bound II: Lost in San Francisco;32,709,423
65;Black Sheep;32,330,354
66;Kingpin;32,223,424
67;Eddie;31,369,401
68;Flipper;30,593,313
69;James and the Giant Peach;28,921,264
70;The Island of Dr. Moreau;27,682,712
71;Michael Collins;27,572,844
72;Spy Hard;26,936,265
73;Eye for an Eye;26,792,700
74;Harriet the Spy;26,570,048
75;First Kid;26,465,920
76;From Dusk Till Dawn;25,732,986
77;Down Periscope;25,723,977
78;Escape from L.A.;25,426,861
79;In Love and War;25,372,294
80;D3: The Mighty Ducks;22,936,273
81;The Juror;22,730,924
82;My Fellow Americans;22,331,846
83;Bulletproof;22,230,840
84;Boys;21,930,418
85;The Quest;21,607,190
86;A Very Brady Sequel;21,443,204
87;High School High;20,995,023
88;Fear;20,694,623
89;City Hall;20,278,055
90;The People vs. Larry Flynt;20,224,840
91;Multiplicity;20,133,326
92;Fled;19,892,205
93;Don't Be a Menace to South Central While Drinki…;19,674,813
94;Mother;19,174,217
95;Bed of Roses;18,972,237
96;Kazaam;18,880,508
97;The Fan;18,582,965
98;Last Man Standing;18,115,927
99;The Crow: City of Angels;17,897,671
100;Extreme Measures;17,378,193
1;Titanic;2,208,208,395
2;The Lost World: Jurassic Park;618,638,999
3;Men in Black;587,790,539
4;Tomorrow Never Dies;339,504,276
5;Air Force One;315,268,353
6;As Good as it Gets;314,111,923
7;Liar Liar;302,710,615
8;My Best Friend's Wedding;298,923,419
9;The Fifth Element;263,898,761
10;The Full Monty;261,249,383
11;Bean;256,574,128
12;Hercules;250,700,000
13;Face/Off;241,200,000
14;Batman & Robin;238,317,814
15;Good Will Hunting;225,925,989
16;Con Air;224,117,573
17;Dante's Peak;178,200,000
18;Flubber;177,993,801
19;George Of The Jungle;174,463,257
20;Scream 2;172,363,301
21;The Saint;169,400,000
22;Contact;165,900,000
23;Alien: Resurrection;160,700,000
24;The Jackal;159,356,941
25;Devil's Advocate;153,007,424
26;Speed 2: Cruise Control;150,468,000
27;Conspiracy Theory;142,783,718
28;The Devil's Own;140,900,000
29;Anastasia;139,801,096
30;Anaconda;136,998,907
31;Seven Years in Tibet;131,445,884
32;L.A. Confidential;126,204,977
33;I Know What You Did Last Summer;125,250,091
34;Starship Troopers;121,100,000
35;Volcano;120,100,000
36;Spawn;87,949,859
37;In & Out;83,226,569
38;The Game;80,369,970
39;Jackie Brown;74,727,492
40;Austin Powers: International Man of Mystery;67,683,989
41;Donnie Brasco;65,303,052
42;Nothing To Lose;64,594,061
43;Wag the Dog;64,252,038
44;Cop Land;63,706,632
45;The Peacemaker;62,967,368
46;Mouse Hunt;61,894,591
47;Kiss the Girls;60,527,873
48;Jungle 2 Jungle;59,925,026
49;Amistad;58,250,151
50;Mortal Kombat: Annihilation;51,327,406
51;Breakdown;50,159,144
52;Absolute Power;50,068,310
53;G.I. Jane;48,169,156
54;The Rainmaker;45,916,769
55;Soul Food;43,492,389
56;Boogie Nights;43,111,725
57;Private Parts;41,198,146
58;Money Talks;41,076,865
59;Beverly Hills Ninja;37,639,029
60;Vegas Vacation;36,470,465
61;Father's Day;35,681,080
62;Selena;35,450,113
63;Addicted To Love;34,673,095
64;The Edge;34,099,255
65;The Relic;33,956,608
66;Metro;32,017,895
67;For Richer or Poorer;31,680,796
68;Picture Perfect;31,301,775
69;Thrill Ride: The Science of Fun;31,279,211
70;Grosse Pointe Blank;31,070,412
71;Home Alone III;30,692,437
72;Fools Rush In;29,299,524
73;Romy and Michele's High School Reunion;29,235,353
74;Out to Sea;28,985,323
75;Mr. Magoo;28,937,192
76;Air Bud;27,788,649
77;Event Horizon;26,673,242
78;An American Werewolf in Paris;26,570,463
79;Murder at 1600;25,842,024
80;Mimic;25,514,166
81;Midnight in the Garden of Good and Evil;25,078,937
82;Good Burger;23,712,993
83;Hoodlum;23,489,997
84;Red Corner;22,442,815
85;The Apostle;21,277,770
86;The Postman;20,841,123
87;Booty Call;20,066,917
88;Gone Fishin';19,745,922
89;That Darn Cat;18,301,828
90;That Old Feeling;17,239,218
91;Fire Down Below;16,148,906
92;The Ice Storm;16,011,975
93;Wes Craven's Wishmaster;15,719,109
94;Ulee's Gold;15,600,000
95;Rocket Man;15,448,043
96;Chasing Amy;15,155,095
97;Eve's Bayou;14,843,425
98;The Sixth Man;14,765,099
99;A Life Less Ordinary;14,633,270
100;Jackie Chan’s First Strike;14,601,662
1;Armageddon;554,600,000
2;Saving Private Ryan;485,035,085
3;Godzilla;376,000,000
4;There's Something About Mary;369,884,651
5;A Bug's Life;363,095,319
6;Deep Impact;349,464,664
7;Mulan;303,500,000
8;Doctor Dolittle;294,156,605
9;Lethal Weapon 4;285,400,000
10;Shakespeare in Love;279,500,000
11;The Truman Show;264,118,201
12;You've Got Mail;250,800,000
13;Enemy of the State;250,649,836
14;Rush Hour;245,300,000
15;The Mask of Zorro;233,700,000
16;La vita è bella;229,385,361
17;The Prince of Egypt;218,613,188
18;Patch Adams;202,173,000
19;City of Angels;198,750,909
20;The Waterboy;190,191,646
21;The X Files: Fight the Future;189,176,423
22;The Horse Whisperer;186,883,563
24;Stepmom;159,745,279
25;Antz;152,457,863
26;The Rugrats Movie;140,894,685
27;Lost In Space;136,047,317
28;Blade;131,237,688
29;Everest;127,990,128
30;The Wedding Singer;123,345,725
31;Star Trek: Insurrection;117,800,000
32;The Siege;116,625,798
33;Snake Eyes;103,891,409
34;T-Rex: Back to the Cretaceous;103,043,249
35;The Thin Red Line;97,709,034
36;Mysteries of Egypt;90,000,000
37;The Parent Trap;83,977,418
38;Elizabeth;82,150,642
39;Hope Floats;81,529,000
40;Out of Sight;77,562,568
41;Urban Legend;72,571,864
42;Small Soldiers;71,743,823
43;What Dreams May Come;71,485,043
44;Ronin;70,692,101
45;Babe: Pig in the City;69,131,860
46;Practical Magic;68,336,997
47;A Perfect Murder;67,658,331
48;Ever After: A Cinderella Story;65,705,772
49;Sliding Doors;58,809,149
50;U.S. Marshals;57,833,603
51;The Man in the Iron Mask;56,968,169
52;A Civil Action;56,709,981
53;Spice World;56,042,592
54;Wild Things;55,576,699
55;Great Expectations;55,406,438
56;Waking Ned Devine;55,193,251
57;Halloween: H2O;55,041,738
58;The Borrowers;54,045,832
59;Bride of Chucky;50,692,188
60;Mighty Joe Young;50,632,037
61;Sphere;50,168,294
62;Pleasantville;49,805,462
63;The Negotiator;49,105,766
64;The Avengers;48,585,416
65;The Big Lebowski;46,189,568
66;Meet Joe Black;44,650,003
67;The Faculty;40,283,321
68;I Still Know What You Did Last Summer;40,020,622
69;Primary Colors;39,017,984
70;Quest for Camelot;38,172,500
71;How Stella Got Her Groove Back;37,672,944
72;Psycho;37,226,218
73;Jack Frost;34,645,374
74;Mercury Rising;32,983,332
75;Mr. Nice Guy;31,716,953
76;A Night at the Roxbury;30,331,165
77;Jane Austen's Mafia;30,143,795
78;Madeline;29,858,048
79;Bulworth;29,203,383
80;The Object of my Affection;29,145,924
81;Dark City;27,257,061
82;Paulie;27,084,499
83;The Big Hit;27,066,941
84;Species 2;26,817,565
85;One True Thing;26,708,196
86;Les Couloirs du temps: Les visiteurs 2;26,146,072
87;Can't Hardly Wait;25,358,996
88;Fallen;25,310,938
89;The Players Club;23,047,939
90;Rounders;22,921,898
91;Beloved;22,852,487
92;He Got Game;22,411,948
93;Little Voice;21,787,233
94;Very Bad Things;21,094,974
95;Vampires;20,268,825
96;Hard Rain;19,870,567
97;Rushmore;19,080,435
98;The Replacement Killers;19,035,741
99;Disturbing Behavior;19,014,238
100;The Odd Couple II;18,912,328
1;Star Wars Ep. I: The Phantom Menace;1,027,044,677
2;The Sixth Sense;672,806,292
3;Toy Story 2;511,358,276
4;The Matrix;463,517,383
5;Tarzan;448,191,819
6;The Mummy;416,385,488
7;Notting Hill;363,728,226
8;The World is Not Enough;361,730,660
9;American Beauty;356,258,047
10;Austin Powers: The Spy Who Shagged Me;312,383,487
11;Runaway Bride;310,138,178
12;Stuart Little;298,815,224
13;The Green Mile;290,701,374
14;The Blair Witch Project;248,300,000
15;American Pie;234,723,148
16;Big Daddy;228,641,283
17;Wild Wild West;221,229,335
18;End of Days;212,026,975
19;Entrapment;211,700,000
20;Sleepy Hollow;207,068,340
21;The Haunting;180,188,905
22;Double Jeopardy;177,835,231
23;Analyze This;176,885,658
24;Deep Blue Sea;165,048,228
25;Pokemon: The First Movie;163,644,662
26;Payback;161,626,121
27;The Bone Collector;151,463,090
28;Mononoke-hime;150,350,000
29;The General's Daughter;149,705,852
30;The Talented Mr. Ripley;128,792,135
31;The Thomas Crown Affair;124,304,264
32;Blue Streak;117,448,157
33;Three Kings;107,752,036
34;Eyes Wide Shut;104,267,443
35;Fight Club;100,851,705
36;Any Given Sunday;100,230,832
37;Bowfinger;98,699,769
38;Inspector Gadget;97,387,965
39;8MM;96,398,826
40;Forces of Nature;93,957,800
41;Deuce Bigalow: Male Gigolo;92,935,067
42;Galaxy Quest;90,523,726
43;Stigmata;89,441,732
44;The Cider House Rules;88,547,209
45;Bicentennial Man;87,420,776
46;Cruel Intentions;75,803,716
47;The Hurricane;73,956,241
48;Life;73,521,587
49;Fantasia 2000 (Theatrical Release);69,618,634
50;Todo sobre mi madre;67,864,530
51;House on Haunted Hill;65,090,541
52;She's All That;63,465,522
53;Random Hearts;63,200,000
54;The 13th Warrior;61,698,899
55;10 Things I Hate About You;60,414,025
56;The Insider;60,265,197
57;Never Been Kissed;55,474,757
58;Varsity Blues;54,294,169
59;Mickey Blue Eyes;53,864,342
60;Message in a Bottle;52,880,016
61;;outh Park: Bigger, Longer & Uncut
62;Magnolia;48,446,802
63;Man on the Moon;47,407,635
64;For Love of the Game;46,112,640
65;Dogma;43,948,865
66;Encounter in the Third Dimension;40,102,213
67;Anna and the King;39,251,128
68;The Bachelor;36,882,378
69;My Favorite Martian;36,850,101
70;EDtv;35,319,689
71;The Best Man;34,572,780
72;Instinct;34,105,207
73;Mystery Men;33,462,011
74;October Sky;33,109,865
75;Being John Malkovich;32,382,381
76;Lake Placid;31,770,413
77;An Ideal Husband;31,341,183
78;The Iron Giant;31,333,917
79;Superstar;30,628,981
80;Virus;30,626,690
81;;irl, Interrupted
82;The Out-of-Towners;28,544,120
83;Go!;28,383,441
85;The Other Sister;27,807,627
86;Baby Geniuses;27,151,490
87;The Story of Us;27,100,030
88;Galapagos;27,089,842
89;Blast from the Past;26,613,620
90;Extreme;25,956,958
91;The Wood;25,059,640
92;A Midsummer Night's Dream;25,011,645
93;Arlington Road;24,419,219
94;Lola rennt;22,879,194
95;Drive Me Crazy;22,591,451
96;At First Sight;22,365,133
97;Stir of Echoes;21,133,087
98;Boys Don't Cry;20,741,000
99;Buena Vista Social Club;19,809,190
100;Doug's 1st Movie;19,421,271
1;Mission: Impossible 2;549,588,516
2;Gladiator;457,683,805
3;Cast Away;427,230,516
4;What Women Want;374,105,123
5;Dinosaur;356,148,063
6;How the Grinch Stole Christmas;345,141,403
7;Meet the Parents;330,425,040
8;The Perfect Storm;328,711,434
9;X-Men;296,872,367
10;What Lies Beneath;288,693,989
11;Scary Movie;277,200,000
12;Charlie's Angels;259,736,090
13;Erin Brockovich;257,805,243
14;Unbreakable;248,099,143
15;Gone in 60 Seconds;232,643,008
16;Chicken Run;227,793,915
17;The Patriot;215,300,000
19;Vertical Limit;213,500,000
20;Miss Congeniality;213,420,951
21;Traffic;208,300,000
22;Hollow Man;191,200,000
23;Big Momma's House;173,559,438
24;The Emperor's New Groove;169,296,573
25;Nutty Professor II: The Klumps;166,307,945
26;Scream 3;161,838,076
27;Chocolat;152,500,343
29;Remember the Titans;136,706,683
30;Pokemon 2000;133,946,923
31;Space Cowboys;128,874,043
32;U-571;127,630,030
33;The Family Man;124,715,863
34;Road Trip;119,739,110
35;Coyote Ugly;113,916,474
36;Final Destination;112,036,870
37;Billy Elliot;109,255,992
38;Shaft;107,190,108
39;Mission to Mars;106,000,000
40;Rugrats in Paris;103,284,813
41;The Tigger Movie;96,147,688
42;The 6th Day;96,024,898
43;Romeo Must Die;91,036,760
44;Autumn in New York;90,717,684
45;Bring it On;90,453,550
46;Bedazzled;90,376,224
47;The Cell;85,911,226
48;The Whole Nine Yards;85,527,867
49;Snatch;83,593,107
50;Men of Honor;82,339,483
51;Finding Forrester;80,013,623
54;Rules of Engagement;71,719,931
55;Shanghai Noon;71,189,835
56;The Kid;69,688,384
57;Dolphins;69,600,000
58;Frequency;68,079,671
59;102 Dalmatians;66,941,559
60;Thirteen Days;66,554,547
61;The Road to El Dorado;65,700,000
62;Proof of Life;62,761,005
63;Snow Day;62,452,927
64;28 Days;62,063,972
65;Next Friday;59,675,307
66;The Flintstones in Viva Rock Vegas;59,431,365
67;The Ninth Gate;58,394,308
68;Little Nicky;58,270,391
69;Pay it Forward;55,696,705
70;Bounce;53,425,292
71;Pitch Black;53,182,088
72;Hanging Up;51,867,723
73;The Replacements;50,054,511
74;High Fidelity;47,881,663
75;Book of Shadows: Blair Witch 2;47,721,314
76;Almost Famous;47,371,191
77;The Watcher;47,267,829
78;Dancer in the Dark;45,557,491
79;Keeping the Faith;45,336,404
80;The Gift;44,567,606
81;Where the Heart Is;40,862,054
82;Bless the Child;40,435,694
83;The Beach;39,778,599
84;The Legend of Bagger Vance;39,235,486
85;Urban Legends: Final Cut;38,574,362
86;The Original Kings of Comedy;38,236,338
87;Titan A.E.;36,751,979
88;My Dog Skip;35,795,319
89;The Adventures of Rocky & Bullwinkle;35,129,610
90;The Skulls;35,007,180
91;American Psycho;34,270,285
92;Dungeons and Dragons;33,771,965
93;Red Planet;33,463,969
94;Wonder Boys;33,422,485
95;Dracula 2000;33,000,377
96;Return to Me;32,662,299
97;Lost Souls;31,320,293
98;East is East;30,438,635
99;The Art of War;30,199,105
100;Small Time Crooks;29,934,477
1;Harry Potter and the Sorcerer’s Stone;974,751,689
2;The Lord of the Rings: The Fellowship of the Ring;887,210,985
4;Shrek;491,812,794
5;Ocean's Eleven;450,728,529
6;Pearl Harbor;449,239,855
7;The Mummy Returns;435,040,395
8;Jurassic Park III;365,900,000
9;Planet of the Apes;362,211,740
10;Hannibal;350,100,280
11;Rush Hour 2;347,425,832
12;A Beautiful Mind;317,668,058
13;American Pie 2;286,500,000
14;Bridget Jones's Diary;281,527,158
15;Lara Croft: Tomb Raider;273,330,185
16;Artificial Intelligence: AI;235,900,000
17;The Others;207,765,056
18;The Fast and the Furious;206,512,310
19;Vanilla Sky;202,726,605
20;Cats & Dogs;200,700,000
21;Spy Kids;197,692,062
22;Atlantis: The Lost Empire;186,049,020
23;Moulin Rouge;179,200,588
24;Dr. Dolittle 2;176,101,721
25;Le Fabuleux destin d'Amélie Poulain;174,201,661
26;The Princess Diaries;165,334,774
27;America's Sweethearts;160,648,493
28;Black Hawk Down;159,691,085
29;Swordfish;147,080,413
30;The Mexican;145,238,250
31;Spy Game;143,049,560
32;Legally Blonde;141,809,235
33;Scary Movie 2;141,189,101
34;Save the Last Dance;122,244,329
35;The Score;113,542,091
36;Along Came a Spider;105,159,085
37;Training Day;104,505,362
38;Don’t Say a Word;104,488,383
39;Jimmy Neutron: Boy Genius;102,992,536
40;A Knight’s Tale;100,622,586
41;Evolution;98,341,932
42;Enemy at the Gates;96,971,293
43;The Wedding Planner;94,728,529
44;I Am Sam;92,542,418
45;Ali;87,683,966
46;Rat Race;86,607,223
47;Final Fantasy: The Spirits Within;85,131,830
48;Blow;83,282,296
49;Exit Wounds;79,958,599
50;Serendipity;77,477,297
51;The One;72,689,126
52;Bandits;71,523,271
53;The Royal Tenenbaums;71,430,876
54;Down to Earth;71,172,251
55;Kate and Leopold;70,937,778
56;Shallow Hal;70,836,296
57;From Hell;68,712,365
58;Thirteen Ghosts;68,467,960
59;Pokemon 3: The Movie;68,452,128
60;Sweet November;65,754,228
61;Not Another Teen Movie;62,401,343
62;Captain Corelli's Mandolin;62,097,495
63;Zoolander;60,780,981
64;Les Rivières Pourpres;60,132,548
65;Jeepers Creepers;58,939,035
66;Behind Enemy Lines;58,855,732
67;Heartbreakers;57,753,825
68;15 Minutes;56,331,864
69;The Animal;55,762,229
70;Driven;54,616,869
71;Domestic Disturbance;54,207,112
72;K-PAX;50,315,140
73;Recess: School's Out;44,451,470
74;Monster's Ball;43,766,463
75;Hardball;43,728,560
76;See Spot Run;43,057,552
77;In the Bedroom;42,137,871
78;Gosford Park;41,300,105
79;Memento;39,723,096
80;Crocodile Dundee in Los Angeles;39,393,111
81;Someone Like You;38,684,906
82;What's the Worst That Could Happen?;38,462,071
83;The Majestic;37,306,334
84;Kiss of the Dragon;36,833,473
85;Jay and Silent Bob Strike Back;33,762,400
86;Black Knight;33,422,806
87;Haunted Castle;32,863,526
88;How High;31,222,395
89;Joe Dirt;30,987,695
90;Hearts in Atlantis;30,885,781
91;Double Take;29,823,162
92;Riding in Cars with Boys;29,781,453
93;Angel Eyes;29,544,532
94;The Pledge;29,406,132
95;Heist;28,906,817
96;Baby Boy;28,734,552
97;The Brothers;27,958,191
98;The Tailor of Panama;27,491,653
99;The Musketeer;27,053,815
100;Kabhi Khushi Kabhie Gham;26,372,000
1;The Lord of the Rings: The Two Towers;934,699,645
2;Harry Potter and the Chamber of Secrets;878,979,634
3;Spider-Man;821,706,375
4;Star Wars Ep. II: Attack of the Clones;656,695,615
5;Men in Black 2;441,767,803
6;Die Another Day;431,942,139
7;Signs;408,269,295
8;Ice Age;386,116,343
9;My Big Fat Greek Wedding;374,890,034
10;Minority Report;358,824,714
11;Catch Me if You Can;355,612,291
12;Chicago;306,770,545
13;Austin Powers in Goldmember;296,338,663
14;Scooby-Doo;276,294,164
15;Sen to Chihiro no Kamikakushi;274,949,886
16;xXx;267,200,000
17;The Ring;248,218,486
18;Lilo & Stitch;245,800,000
19;8 Mile;245,768,384
20;The Bourne Identity;214,357,371
21;Red Dragon;206,455,420
22;Two Weeks Notice;199,043,309
23;Panic Room;196,308,367
24;The Sum of All Fears;193,500,000
25;Road to Perdition;183,354,514
26;Gangs of New York;183,124,621
27;Sweet Home Alabama;182,365,114
28;The Santa Clause 2;172,825,854
29;Mr. Deeds;171,269,535
30;Stuart Little 2;166,000,000
31;The Scorpion King;165,890,634
32;Maid in Manhattan;163,838,217
33;Blade 2;154,338,601
34;About a Boy;130,759,651
35;Space Station;126,513,186
36;Spy Kids 2: The Island of Lost Dreams;119,721,296
37;Unfaithful;119,114,494
38;Snow Dogs;116,898,028
39;We Were Soldiers;114,658,262
40;Insomnia;113,622,499
41;The Pianist;111,854,182
42;Peter Pan: Return to Neverland;109,862,682
43;About Schmidt;107,054,484
44;Spirit: Stallion of the Cimarron;106,515,310
45;The Tuxedo;104,429,625
46;Resident Evil;103,787,401
47;John Q;102,226,631
48;The Time Machine;98,983,590
49;The Hours;97,030,468
50;40 Days and 40 Nights;95,092,667
51;Treasure Planet;91,800,000
52;Reign of Fire;82,150,183
53;The Rookie;80,491,516
54;Jackass: The Movie;79,282,312
55;Showtime;78,948,765
56;Collateral Damage;78,353,508
57;Windtalkers;77,628,265
58;Barbershop;77,063,461
59;The Count of Monte Cristo;75,389,090
60;The Divine Secrets of the Ya-Ya Sisterhood;73,826,768
61;Bad Company;69,157,016
62;Ghost Ship;68,349,884
63;Star Trek: Nemesis;67,312,826
64;Changing Lanes;66,790,248
65;K-19: The Widowmaker;65,716,126
66;High Crimes;63,781,100
67;The Sweetest Thing;63,078,756
68;Like Mike;62,432,423
69;The Wild Thornberrys Movie;60,694,737
70;I Spy;60,279,822
71;Bowling for Columbine;58,240,487
72;Crossroads;57,000,000
73;Murder by Numbers;56,643,267
74;The Mothman Prophecies;56,438,555
75;Drumline;56,398,162
76;Frida;56,131,239
77;Analyze That;54,994,757
78;The Hot Chick;54,639,509
79;Big Fat Liar;52,461,017
80;One Hour Photo;52,223,306
81;Blue Crush;51,618,420
82;Enough;50,970,660
83;Hable con ella;50,768,280
84;A Walk to Remember;46,060,861
85;The Transporter;43,928,932
86;Orange County;43,308,707
87;8 femmes;42,376,425
88;Undercover Brother;40,796,145
89;The Master of Disguise;40,363,530
90;National Lampoon’s Van Wilder;39,241,323
91;Clockstoppers;38,788,828
92;The Banger Sisters;38,067,218
93;Halloween: Resurrection;37,659,652
94;Eight Legged Freaks;36,722,311
95;Swimfan;34,084,228
96;Y Tu Mam� También;33,649,881
97;Friday After Next;33,526,835
98;The Crocodile Hunter: Collision Course;33,436,931
99;Hart's War;33,076,815
100;Confessions of a Dangerous Mind;33,013,805
1;The Lord of the Rings: The Return of the King;1,141,403,341
2;Finding Nemo;936,429,370
3;The Matrix Reloaded;738,576,929
4;Pirates of the Caribbean: The Curse of the Blac…;634,954,103
5;Bruce Almighty;484,468,608
6;The Last Samurai;456,810,575
7;Terminator 3: Rise of the Machines;433,058,296
8;The Matrix Revolutions;427,300,260
9;X-Men 2;406,875,536
10;Bad Boys II;273,271,982
11;Something's Gotta Give;266,685,242
12;Brother Bear;250,397,798
13;Love Actually;248,774,244
14;Hulk;245,075,434
15;2 Fast 2 Furious;236,410,607
16;Charlie's Angels: Full Throttle;227,200,000
17;Elf;220,236,410
18;Master and Commander: The Far Side of the World;212,912,137
19;S.W.A.T.;207,154,748
20;Anger Management;195,660,942
21;Cheaper by the Dozen;190,212,113
22;Daredevil;182,782,518
23;The League of Extraordinary Gentlemen;179,265,204
24;How to Lose a Guy in 10 Days;178,890,782
25;Kill Bill: Volume 1;176,469,428
26;The Italian Job;176,262,839
27;Spy Kids 3-D: Game Over;167,851,995
28;Cold Mountain;165,173,909
29;Bringing Down the House;164,675,402
30;Daddy Day Care;164,285,587
31;Johnny English;163,126,676
32;Freaky Friday;160,822,438
33;Lara Croft: Tomb Raider: The Cradle of Life;157,092,943
34;Mystic River;156,822,020
35;The Haunted Mansion;155,750,628
36;Scary Movie 3;155,200,000
37;Seabiscuit;148,715,342
38;Gothika;141,484,812
39;Mona Lisa Smile;141,205,169
40;The Jungle Book 2;140,122,225
41;The Cat in the Hat;133,818,283
42;School of Rock;131,944,672
43;American Wedding;126,425,115
45;Big Fish;123,954,323
46;Intolerable Cruelty;121,327,628
47;Jeepers Creepers II;119,923,801
48;Lost in Translation;117,085,297
49;Freddy vs. Jason;114,576,403
50;The Texas Chainsaw Massacre;107,967,319
51;Just Married;101,564,935
52;The Recruit;101,174,440
53;Paycheck;98,819,789
54;Phone Booth;97,837,138
55;Once Upon a Time in Mexico;97,413,527
56;Underworld;95,708,457
57;Peter Pan;95,255,485
58;Calendar Girls;93,074,616
59;Kangaroo Jack;90,723,216
60;Final Destination 2;90,396,664
61;Shanghai Knights;88,316,835
62;Old School;86,765,463
63;Tears of the Sun;85,632,458
64;28 Days Later…;82,955,633
65;Identity;82,183,683
66;The Rundown;80,831,893
67;Sinbad: Legend of the Seven Seas;80,767,884
68;Bad Santa;77,147,031
69;Dreamcatcher;75,685,268
70;Bend it Like Beckham;74,566,042
71;The Core;74,132,631
72;Holes;71,232,214
73;Open Range;68,613,992
74;Runaway Jury;67,338,219
75;Monster;64,240,813
76;Stuck On You;63,537,164
77;Piglet's Big Movie;62,870,546
78;Honey;62,646,763
79;21 Grams;59,667,625
80;Matchstick Men;59,165,300
81;Agent Cody Banks;58,240,458
82;Under the Tuscan Sun;57,490,024
83;Cradle 2 the Grave;56,434,942
84;The Lizzie McGuire Movie;55,534,455
85;Out of Time;55,489,826
86;Rugrats Go Wild;55,443,032
87;National Security;54,599,300
88;Looney Tunes: Back in Action;54,540,662
89;Radio;53,293,628
90;Hollywood Homicide;50,409,753
91;Secondhand Lions;47,902,566
92;Darkness Falls;47,289,758
93;The Hunted;47,213,095
94;Good Boy!;45,312,217
95;A Man Apart;43,797,731
96;Girl with a Pearl Earring;43,274,797
97;Basic;42,598,498
98;Whale Rider;39,374,600
99;Winged Migration;39,134,983
100;Head of State;38,283,765
1;Shrek 2;937,008,132
2;Harry Potter and the Prisoner of Azkaban;796,688,549
3;Spider-Man 2;795,110,670
4;The Passion of the Christ;622,341,924
5;The Incredibles;614,726,752
6;The Day After Tomorrow;556,319,450
7;Meet the Fockers;516,567,575
8;Troy;484,161,265
9;Shark Tale;371,917,043
10;Ocean's Twelve;362,989,076
12;National Treasure;331,323,410
13;The Bourne Supremacy;311,001,124
14;The Polar Express;310,634,169
15;Van Helsing;300,150,546
16;Bridget Jones: The Edge Of Reason;263,894,551
17;The Village;257,641,634
18;Million Dollar Baby;231,928,227
19;Fahrenheit 9/11;221,148,959
20;The Terminal;218,673,959
21;Collateral;217,670,152
22;Lemony Snicket's A Series of Unfortunate Events;212,956,024
23;The Aviator;208,370,892
24;Garfield: The Movie;208,094,550
25;King Arthur;203,877,963
26;50 First Dates;196,320,329
27;The Grudge;187,281,115
28;Scooby-Doo 2: Monsters Unleashed;181,185,387
29;Jet Li's Hero;177,535,958
30;Along Came Polly;173,044,410
31;AVP: Alien Vs. Predator;172,543,519
32;Starsky & Hutch;170,200,225
33;Dodgeball: A True Underdog Story;167,791,704
34;Alexander;167,297,191
35;The Phantom of the Opera;153,770,052
36;Kill Bill: Volume 2;153,535,982
37;SpongeBob SquarePants: The Movie;142,051,255
38;Blade: Trinity;131,353,165
39;Man on Fire;130,968,579
40;Mean Girls;130,953,026
41;Resident Evil: Apocalypse;125,168,734
42;Ray;124,823,094
43;The Princess Diaries 2: Royal Engagement;122,071,435
44;Shall We Dance?;118,097,882
45;The Forgotten;117,211,892
46;Closer;116,177,695
47;The Notebook;116,025,023
48;Finding Neverland;115,036,108
49;White Chicks;111,448,997
50;Sideways;109,793,192
51;Hidalgo;108,086,731
52;The Chronicles of Riddick;107,212,751
53;Saw;103,880,027
54;Dawn of the Dead;103,452,875
55;Ladder 49;102,332,848
56;Kung Fu Hustle;102,034,104
57;Hellboy;99,823,958
58;13 Going On 30;97,658,712
59;Christmas with the Kranks;96,469,187
60;The Stepford Wives;96,221,971
61;The Manchurian Candidate;96,148,711
62;The Butterfly Effect;95,638,592
63;House of Flying Daggers;92,863,945
64;Secret Window;92,111,551
65;Anchorman: The Legend of Ron Burgundy;89,476,265
66;Les Choristes;83,529,758
67;Catwoman;82,145,379
69;The Ladykillers;77,392,139
70;Home on the Range;76,482,461
71;Eternal Sunshine of the Spotless Mind;72,570,762
72;Around the World in 80 Days;72,004,159
73;Anacondas: The Hunt for the Blood Orchid;70,326,393
74;A Cinderella Story;70,164,105
75;Tae Guik Gi: The Brotherhood of War;69,826,708
76;Un long dimanche de fiançailles;69,759,296
77;Taxi;68,109,966
78;Barbershop 2: Back in Business;65,842,412
79;Without a Paddle;65,121,280
80;Miracle;64,474,705
81;Taking Lives;64,232,363
82;In Good Company;63,489,752
83;Two Brothers;62,176,754
84;Friday Night Lights;61,950,770
85;Cellular;61,475,984
86;Open Water;55,518,641
87;The Motorcycle Diaries;55,029,200
88;The Punisher;54,533,774
89;Spanglish;54,344,321
90;Team America: World Police;50,948,811
91;You Got Served;50,811,858
92;Raising Helen;49,928,680
93;Sky Captain and the World of Tomorrow;49,730,854
94;Fat Albert;48,563,556
95;Walking Tall;47,313,824
96;Torque;46,176,322
97;Napoleon Dynamite;46,122,713
98;Exorcist: The Beginning;43,957,541
99;Shaolin Soccer;42,776,032
100;Wimbledon;41,666,476
1;Harry Potter and the Goblet of Fire;896,911,078
2;Star Wars Ep. III: Revenge of the Sith;848,998,877
4;War of the Worlds;606,836,535
5;Madagascar;556,559,566
6;King Kong;550,517,357
7;Mr. and Mrs. Smith;486,124,090
8;Charlie and the Chocolate Factory;475,825,484
9;Hitch;366,784,257
10;Batman Begins;359,142,722
11;Fantastic Four;333,132,750
12;Chicken Little;310,043,823
13;Wedding Crashers;283,218,368
14;Robots;260,700,012
15;Hauru no ugoku shiro;237,814,327
16;Constantine;221,594,911
17;Kingdom of Heaven;218,853,353
18;Flightplan;214,392,904
19;Fun With Dick And Jane;203,018,919
20;The Pacifier;198,006,880
21;Wallace & Gromit: The Curse of the Were-Rabbit;197,593,152
22;The Longest Yard;191,558,505
23;Walk the Line;187,707,495
24;The 40 Year-old Virgin;177,344,230
25;Brokeback Mountain;177,012,173
26;The Island;163,018,913
27;The Interpreter;162,753,837
28;The Ring Two;161,941,727
29;Memoirs of a Geisha;161,510,853
30;Sin City;158,527,918
31;Monster-in-Law;155,931,301
32;Saw II;152,925,093
33;The Exorcism of Emily Rose;144,529,078
34;Herbie: Fully Loaded;144,110,682
35;The Legend of Zorro;141,475,336
36;Cheaper by the Dozen 2;135,015,330
37;La marche de l'empereur;133,276,359
38;Munich;131,492,772
39;Bewitched;131,159,306
40;Pride & Prejudice;126,549,607
41;Hide and Seek;123,696,741
42;Sahara;121,671,925
43;Corpse Bride;114,770,654
44;The Dukes of Hazzard;109,848,461
45;The Amityville Horror;109,175,673
46;The Brothers Grimm;105,299,638
47;Cinderella Man;105,021,488
48;The Hitchhiker's Guide to the Galaxy;102,746,214
49;Guess Who;102,115,888
50;Miss Congeniality 2: Armed and Fabulous;101,382,396
51;Crash;101,173,038
52;Just Like Heaven;100,687,083
53;Are We There Yet?;98,114,471
54;Jarhead;96,947,540
55;Red Eye;96,666,486
56;Be Cool;94,944,017
57;Der Untergang;93,631,744
58;Syriana;92,690,959
59;Four Brothers;92,494,381
60;The Family Stone;92,357,499
61;The Skeleton Key;92,256,918
62;White Noise;92,094,360
63;Racing Stripes;89,955,540
64;The Transporter 2;88,978,458
65;Rumor Has It;88,933,562
66;Match Point;87,973,835
67;The Constant Gardener;86,301,599
68;Sky High;83,109,359
69;In Her Shoes;82,203,030
70;Hostage;77,636,443
71;Coach Carter;76,665,507
72;Stealth;76,416,746
74;XXX: State of the Union;71,073,932
75;House of Wax;70,064,800
76;The Adventures of Sharkboy and Lavagirl in 3-D;69,425,966
77;Prime;67,527,153
78;Boogeyman;67,192,859
79;Valiant;64,188,387
80;A History of Violence;61,477,797
81;Lord of War;60,437,727
82;Son of the Mask;59,918,422
83;Doom;58,757,178
84;Zathura;58,545,540
85;Must Love Dogs;58,405,313
86;Derailed;57,520,063
87;Elektra;56,824,633
89;Kicking and Screaming;55,842,724
90;Pooh's Heffalump Movie;55,686,944
91;Aeon Flux;53,913,573
92;Elizabethtown;50,719,373
93;Diary of a Mad Black Woman;50,458,356
94;Fever Pitch;50,071,069
95;Capote;49,924,079
96;Dark Water;49,473,093
97;Danny the Dog;49,037,621
98;Welcome to Dongmakgol;48,000,000
99;George A. Romero's Land of the Dead;47,751,015
100;The Wedding Date;47,175,038
1;Pirates of the Caribbean: Dead Man’s Chest;1,066,215,812
2;The Da Vinci Code;767,820,459
3;Ice Age: The Meltdown;651,899,282
4;Casino Royale;594,420,283
5;Night at the Museum;579,446,407
6;Cars;461,651,246
7;X-Men: The Last Stand;459,260,946
8;Mission: Impossible III;397,501,348
9;Happy Feet;385,000,317
10;Superman Returns;374,085,065
11;Over the Hedge;343,397,247
12;The Devil Wears Prada;326,073,155
13;The Pursuit of Happyness;307,311,093
14;The Departed;289,660,619
15;Borat;261,443,242
16;Eragon;249,488,115
17;Click;237,685,089
18;The Break-Up;205,727,307
19;The Holiday;205,190,324
20;Open Season;191,932,158
21;Inside Man;185,798,265
22;Poseidon;181,674,817
23;Déjà Vu;181,038,616
24;Flushed Away;179,357,126
25;Scary Movie 4;178,710,620
26;Blood Diamond;171,377,916
27;Saw III;163,876,815
28;Miami Vice;163,818,556
29;World Trade Center;163,295,654
30;Talladega Nights: The Ballad of Ricky Bobby;162,870,525
31;The Pink Panther;158,926,474
32;The Fast and the Furious: Tokyo Drift;157,794,205
33;Rocky Balboa;156,229,050
34;Dreamgirls;155,708,695
35;Garfield: A Tail of Two Kitties;147,985,373
36;Charlotte's Web;143,985,708
37;Monster House;141,267,370
38;Big Momma's House 2;137,047,376
39;Perfume: The Story of a Murderer;133,603,463
40;Babel;132,121,212
42;V for Vendetta;130,214,162
43;The Queen;128,885,873
44;Nanny McPhee;128,745,578
45;Failure to Launch;128,402,901
46;Apocalypto;121,032,272
47;Eight Below;120,455,994
48;The Omen;119,295,584
49;Barnyard: The Original Party Animals;118,583,844
50;The Lake House;114,830,111
51;Underworld: Evolution;113,417,762
52;Final Destination 3;112,798,051
53;Step Up;110,989,157
54;Hoodwinked;109,843,390
55;The Santa Clause 3: The Escape Clause;107,500,122
56;The Prestige;104,407,366
57;Little Man;101,636,047
58;Little Miss Sunshine;100,642,353
59;The Good Shepherd;99,908,565
60;Nacho Libre;99,296,462
61;The Wild;99,010,667
62;The Guardian;94,973,540
63;Silent Hill;94,704,227
64;Deep Sea 3D;88,042,920
65;R.V.;87,473,024
66;Volver;87,226,613
67;The Shaggy Dog;87,123,569
68;El Laberinto del Fauno;87,041,569
69;Jackass: Number Two;85,278,712
70;Date Movie;85,146,165
71;Les Bronzés 3: amis pour la vie;83,833,602
72;The Illusionist;83,792,062
73;Firewall;82,751,189
74;Hostel;82,241,110
75;The Sentinel;78,080,697
76;United 93;77,635,035
77;Man cheng jin dai huang jin jia;76,904,429
78;Lady in the Water;72,785,169
79;Curious George;71,052,604
80;The Grudge 2;70,743,839
81;The Hills Have Eyes;70,355,813
82;Children of Men;69,845,011
83;John Tucker Must Die;68,824,526
84;Letters from Iwo Jima;67,867,998
85;When a Stranger Calls;67,215,435
86;Huo Yuan Jia;66,633,730
87;16 Blocks;65,595,141
88;Take the Lead;65,390,493
89;The Benchwarmers;65,063,726
90;Flags of Our Fathers;63,657,941
91;Madea's Family Reunion;63,320,521
92;Snakes on a Plane;62,020,814
93;Umizaru 2: Limit of Love;61,600,000
94;Marie Antoinette;60,862,471
95;My Super Ex-Girlfriend;60,772,856
96;Invincible;58,501,127
97;The Descent;57,051,053
98;Lucky Number Slevin;55,495,466
99;She's the Man;55,279,608
100;Stranger Than Fiction;53,572,822
1;Pirates of the Caribbean: At World’s End;963,420,425
2;Harry Potter and the Order of the Phoenix;942,943,935
3;Spider-Man 3;894,860,230
4;Shrek the Third;807,330,936
5;Transformers;708,272,592
6;Ratatouille;626,549,695
7;I am Legend;585,532,684
8;The Simpsons Movie;527,071,022
9;National Treasure: Book of Secrets;457,325,804
10;300;454,161,935
11;The Bourne Ultimatum;444,043,396
12;Live Free or Die Hard;382,288,147
13;The Golden Compass;367,262,558
14;Alvin and the Chipmunks;362,605,033
15;Enchanted;340,384,141
16;Ocean's Thirteen;311,744,465
17;Fantastic Four: Rise of the Silver Surfer;289,480,691
18;Bee Movie;287,594,577
19;American Gangster;267,985,456
20;Rush Hour 3;256,585,882
21;Wild Hogs;253,555,383
22;Mr. Bean’s Holiday;234,981,342
23;Juno;231,450,102
24;Ghost Rider;229,545,589
25;Knocked Up;219,265,952
26;Hairspray;203,035,572
27;Beowulf;195,080,579
28;I Now Pronounce You Chuck and Larry;185,708,462
29;The Bucket List;174,807,445
30;Evan Almighty;174,131,329
31;Meet the Robinsons;170,552,719
32;Superbad;169,955,142
33;No Country for Old Men;164,035,753
34;Norbit;158,973,607
36;Sweeney Todd: The Demon Barber of Fleet Street;153,329,844
37;Resident Evil: Extinction;149,871,103
38;The Game Plan;146,590,987
39;Music and Lyrics;146,196,885
40;Blades of Glory;145,594,548
41;Surf's Up;145,395,745
42;Bridge to Terabithia;137,984,788
43;Stardust;137,022,245
44;Saw IV;135,759,694
45;1408;131,263,370
46;Atonement;129,779,728
47;Aliens vs. Predator - Requiem;128,884,494
48;The Heartbreak Kid;127,768,790
49;Charlie Wilson's War;119,512,771
50;Disturbia;118,537,627
51;Arthur et les Minimoys;113,325,743
52;The Water Horse: Legend of the Deep;103,429,755
53;Hitman;99,135,571
54;Fred Claus;97,837,638
55;TMNT;96,096,018
56;Shooter;95,538,560
57;Michael Clayton;92,987,651
58;Gwoemul;92,618,117
59;No Reservations;91,943,956
60;Fracture;89,204,700
61;La Môme;88,611,837
62;Epic Movie;86,858,578
63;The Kingdom;86,509,602
64;Zodiac;83,080,084
65;Hot Fuzz;81,742,618
66;Premonition;81,461,343
67;Das Leben der Anderen;81,197,047
68;Hannibal Rising;80,583,311
69;30 Days of Night;80,276,156
70;Dragon Wars: D-War;79,915,361
71;El orfanato;79,250,193
72;The Number 23;77,593,167
73;Halloween;77,514,401
74;There Will Be Blood;77,208,711
75;Stomp the Yard;75,525,718
76;Elizabeth: The Golden Age;74,870,866
77;The Kite Runner;74,180,745
78;Next;73,591,500
79;3:10 to Yuma;71,171,825
80;License to Wed;70,187,088
81;The Brave One;69,792,704
82;Hero;69,671,205
83;Because I Said So;69,538,833
84;Mr. Magorium's Wonder Emporium;68,191,643
85;August Rush;66,015,869
86;Dan in Real Life;65,669,001
87;Se jie;65,167,430
88;Underdog;65,033,328
89;28 Weeks Later;64,232,714
90;Lions for Lambs;63,211,088
91;Perfect Stranger;62,526,388
92;The Reaping;62,226,214
93;Keinohrhasen;62,000,000
94;Taxi 4;60,865,364
95;Good Luck Chuck;59,183,821
96;Are We Done Yet?;58,388,068
97;Smokin' Aces;57,263,440
98;The Mist;57,189,408
99;Into the Wild;56,822,960
100;Eastern Promises;56,077,088
1;The Dark Knight;1,001,620,618
2;Indiana Jones and the Kingdom of the Crystal Skull;786,635,413
3;Kung Fu Panda;631,910,531
4;Hancock;624,234,272
5;Mamma Mia!;615,748,772
6;Madagascar: Escape 2 Africa;599,680,774
7;Quantum of Solace;591,692,078
8;Iron Man;585,171,547
9;WALL-E;532,508,025
10;The Chronicles of Narnia: Prince Caspian;417,341,288
11;Sex and the City;415,247,258
12;The Mummy: Tomb of the Dragon Emperor;405,760,225
13;Twilight;402,280,159
14;Slumdog Millionaire;384,530,440
15;Wanted;342,416,460
16;The Curious Case of Benjamin Button;329,631,958
17;Bolt;328,015,029
18;Horton Hears a Who;299,477,886
19;Gran Torino;274,543,085
20;High School Musical 3: Senior Year;274,392,880
22;The Incredible Hulk;265,573,859
23;Marley & Me;247,812,011
24;Bienvenue chez les Ch'tis;247,474,497
25;Journey to the Center of the Earth;243,180,937
26;The Day the Earth Stood Still;233,066,978
27;Get Smart;226,739,416
28;Yes Man;225,990,976
29;Jumper;222,640,812
30;Bedtime Stories;221,468,935
31;What Happens in Vegas...;218,535,708
32;Australia;215,080,810
33;Valkyrie;203,932,174
34;You Don't Mess With the Zohan;202,910,991
35;Tropic Thunder;191,145,256
36;Eagle Eye;180,585,259
37;Cloverfield;171,302,226
38;Four Christmases;168,311,558
39;Burn After Reading;168,167,798
40;Seven Pounds;166,617,328
41;The Spiderwick Chronicles;162,839,667
42;The Happening;162,778,384
43;Hellboy II: The Golden Army;160,388,063
44;27 Dresses;160,247,805
45;21;159,846,429
46;Beverly Hills Chihuahua;154,218,168
47;Vantage Point;150,886,329
48;Step Up 2 the Streets;148,586,910
49;Astérix aux Jeux Olympiques;132,999,811
50;The Forbidden Kingdom;129,075,270
51;Step Brothers;128,468,793
52;Body of Lies;118,556,530
53;Saw V;118,209,778
54;Changeling;113,805,580
55;The Reader;112,964,875
56;Rambo;112,214,531
57;Fool's Gold;109,362,966
58;Transporter 3;107,235,592
59;Made of Honor;106,548,738
60;Forgetting Sarah Marshall;105,173,042
61;Vicky Cristina Barcelona;104,504,817
62;Pineapple Express;102,404,019
63;Nim's Island;101,857,425
64;Role Models;94,500,826
65;Speed Racer;93,394,462
66;The Tale of Despereaux;90,482,317
67;Max Payne;87,775,050
68;Rookies;85,405,510
69;Meet the Spartans;84,646,831
70;The Strangers;83,051,676
71;Revolutionary Road;79,604,820
72;Nights in Rodanthe;79,350,659
73;Righteous Kill;78,481,410
74;The Other Boleyn Girl;78,269,970
75;Mirrors;77,220,596
76;Superhero Movie;73,026,302
77;Hana yori dango: Fainaru;73,000,000
78;Death Race;72,516,819
79;The House Bunny;71,390,601
80;Hannah Montana/Miley Cyrus: Best of Both Worlds…;70,712,099
81;Babylon A.D.;70,216,497
82;Star Wars: The Clone Wars;68,695,443
83;The X-Files: I Want to Believe;68,170,792
84;Space Chimps;67,029,956
85;The Bank Job;66,143,005
86;Street Kings;65,457,811
87;Baby Mama;64,170,447
88;The Eye;57,577,765
89;Milk;57,293,371
90;Prom Night;57,193,655
92;Doubt;53,191,101
93;Suspect X;53,000,000
94;Untraceable;52,649,951
95;College Road Trip;50,873,923
96;Meet Dave;50,648,806
97;The Women;50,103,808
98;Drillbit Taylor;49,686,263
99;Shutter;47,782,426
100;長��� (CJ7);47,300,771
1;Avatar;2,776,345,279
2;Harry Potter and the Half-Blood Prince;935,083,686
3;Ice Age: Dawn of the Dinosaurs;859,701,857
4;Transformers: Revenge of the Fallen;836,519,699
5;2012;788,408,539
6;Up;731,463,377
7;The Twilight Saga: New Moon;687,557,727
8;Sherlock Holmes;498,438,212
9;Angels & Demons;490,875,846
10;The Hangover;465,764,086
11;Alvin and the Chipmunks: The Squeakquel;443,483,213
12;Night at the Museum: Battle of the Smithsonian;402,231,063
13;Star Trek;385,680,446
14;Monsters vs. Aliens;381,687,380
15;X-Men Origins: Wolverine;374,825,760
16;Terminator Salvation;365,491,792
17;Fast & Furious;363,064,265
18;Inglourious Basterds;316,915,264
19;Disney’s A Christmas Carol;315,709,697
20;The Proposal;314,709,717
21;The Blind Side;305,705,794
22;G.I. Joe: The Rise of Cobra;302,469,017
23;G-Force;292,817,841
24;The Princess and the Frog;270,997,378
25;Michael Jackson's This Is It;252,091,016
26;Cloudy with a Chance of Meatballs;236,827,677
27;Taken;226,941,585
28;It’s Complicated;224,614,744
29;District 9;212,453,431
30;Public Enemies;212,282,709
31;Gake no ue no Ponyo;205,312,666
32;The Ugly Truth;205,298,907
33;Paranormal Activity;194,183,034
34;The Final Destination;187,384,627
35;Watchmen;186,976,250
36;Knowing;186,450,317
37;Paul Blart: Mall Cop;185,904,750
38;He's Just Not That Into You;181,053,657
39;Couples Retreat;172,450,423
40;Hannah Montana the Movie;169,173,206
41;Up in the Air;166,842,739
42;The Taking of Pelham 123;152,364,370
43;17 Again;139,474,906
44;Brüno;138,708,527
45;Law Abiding Citizen;131,159,781
46;Julie & Julia;126,646,119
47;Coraline;126,037,057
48;Invictus;124,514,011
49;Hotel for Dogs;122,357,172
50;Surrogates;119,668,350
51;Red Cliff;119,627,047
52;Earth;116,773,317
53;Bride Wars;115,150,424
54;Män som hatar kvinnor;109,421,911
55;Planet 51;108,996,113
56;Confessions of a Shopaholic;108,027,701
57;Race to Witch Mountain;105,103,784
58;My Bloody Valentine;102,836,002
59;Ghosts of Girlfriends Past;102,512,802
60;The Time Traveler's Wife;102,332,135
61;Zombieland;102,236,596
62;Where the Wild Things Are;99,123,656
63;My Sister's Keeper;96,673,002
64;Old Dogs;95,104,304
65;The Lovely Bones;94,894,448
66;Friday the 13th;92,670,237
68;Drag Me To Hell;91,388,487
69;Madea Goes To Jail;90,508,336
70;Underworld 3: Rise of the Lycans;89,102,315
71;State of Play;88,832,210
72;Duplicity;81,079,566
73;Did You Hear About the Morgans?;80,480,566
74;Fame;80,227,619
75;Orphan;78,769,428
76;The Haunting in Connecticut;78,758,522
77;The Unborn;78,208,812
78;Obsessed;73,964,713
79;Funny People;71,880,305
80;Flickan som lekte med elden;70,697,112
81;The Pink Panther 2;70,022,978
82;Saw VI;69,752,402
83;Land of the Lost;69,548,641
84;3 Idiots;69,533,849
85;Precious (Based on the Novel Push by Sapphire);68,722,848
86;The Men Who Stare at Goats;67,348,218
87;Inkheart;66,655,938
88;Okuribito;66,143,346
89;The Imaginarium of Doctor Parnassus;64,352,607
90;Jiàn gúo dà yè;62,995,096
91;Ninja Assassin;62,209,892
92;Aliens in the Attic;59,551,283
93;Dragonball Evolution;58,228,460
94;Year One;57,604,723
95;The International;53,850,527
96;Nine;53,508,858
97;Wickie und die starken Männer;53,049,987
98;Defiance;52,987,754
99;I Can Do Bad All By Myself;51,733,921
100;Coco avant Chanel;50,813,834
1;Toy Story 3;1,068,986,222
2;Alice in Wonderland;1,025,491,110
3;Harry Potter and the Deathly Hallows: Part I;960,283,305
4;Inception;832,402,082
5;Shrek Forever After;756,244,673
6;The Twilight Saga: Eclipse;706,102,828
7;Iron Man 2;621,156,389
8;Tangled;586,477,240
9;Despicable Me;543,464,573
10;How to Train Your Dragon;494,870,992
11;Clash of the Titans;493,214,888
12;The King’s Speech;430,821,168
13;The Chronicles of Narnia: The Voyage of the Daw…;418,186,950
14;Tron: Legacy;400,062,763
15;The Karate Kid;351,774,938
16;Prince of Persia: Sands of Time;336,359,676
17;Black Swan;331,266,710
18;Robin Hood;322,459,006
19;Megamind;321,887,208
20;The Last Airbender;319,713,881
21;Little Fockers;310,650,574
22;Shutter Island;299,461,782
23;Resident Evil: Afterlife;295,874,190
24;Sex and the City 2;294,680,778
25;Salt;290,650,494
26;The Tourist;278,731,369
27;Grown Ups;272,223,430
28;The Expendables;268,268,174
29;Knight and Day;258,751,370
30;True Grit;252,276,928
31;Gulliver's Travels;232,017,848
32;The Social Network;224,922,135
33;Percy Jackson & the Olympians: The Lightning Thief;223,050,874
34;The Sorcerer's Apprentice;217,986,320
35;Valentine's Day;217,569,328
36;Due Date;211,739,043
37;Eat Pray Love;206,598,789
38;Yogi Bear;204,774,690
39;Red;196,439,693
40;Paranormal Activity 2;177,512,032
41;The A-Team;177,241,171
42;Jackass 3D;171,685,793
43;The Other Guys;170,936,470
44;Step Up 3D;165,889,117
45;Unstoppable;165,720,921
46;The Book of Eli;158,750,817
47;The Town;152,566,881
48;Date Night;152,269,033
49;The Wolfman;142,634,358
50;Dear John;142,033,509
51;Legend of the Guardians: The Owls of Ga'Hoole;139,716,717
52;Wall Street 2: Money Never Sleeps;137,431,619
53;The Bounty Hunter;135,808,837
54;Saw 3D;133,735,284
55;The Fighter;129,262,388
56;Predators;127,234,389
57;A Nightmare on Elm Street;117,729,621
58;Cats & Dogs: The Revenge of Kitty Galore;113,026,383
59;Tooth Fairy;112,610,386
60;Life as We Know It;105,887,837
61;Hereafter;105,246,941
62;Love and Other Drugs;102,716,321
63;Nanny McPhee and the Big Bang;97,799,865
64;Kick-Ass;97,531,134
65;Green Zone;97,523,020
66;Killers;95,572,749
67;The Last Song;92,678,948
68;Get Him to the Greek;91,455,875
69;Burlesque;90,552,675
70;Marmaduke;89,895,930
71;Dinner for Schmucks;86,796,502
72;Oceans;86,787,530
73;Piranha 3D;83,660,160
74;Edge of Darkness;82,812,456
75;Letters to Juliet;82,148,538
76;Vampires Suck;81,424,988
77;Diary of a Wimpy Kid;76,954,311
78;Easy A;76,200,721
79;The Back-up Plan;75,281,179
80;Sammy's avonturen: De geheime doorgang;71,594,792
81;Takers;70,587,268
82;The Last Exorcism;70,165,900
83;Skyline;68,264,973
84;Gedo Senki (Tales from Earthsea);68,048,658
85;The American;67,950,723
86;Hubble 3D;67,788,937
87;Legion;67,647,574
88;The Next Three Days;67,255,916
89;Fei Cheng Wu Rao 2;66,009,013
90;Hot Tub Time Machine;65,967,750
91;The Ghost Writer;65,532,491
92;Haeundae;64,733,391
93;Devil;63,354,114
94;Why Did I Get Married Too?;60,831,067
95;Secretariat;60,376,247
96;127 Hours;60,217,171
97;Morning Glory;59,795,070
98;Remember Me;56,506,120
99;The Crazies;56,445,534
100;Cop Out;55,909,910
1;Harry Potter and the Deathly Hallows: Part II;1,341,511,219
2;Transformers: Dark of the Moon;1,123,790,543
3;Pirates of the Caribbean: On Stranger Tides;1,045,663,875
4;Mission: Impossible—Ghost Protocol;694,713,230
6;Kung Fu Panda 2;664,837,547
7;Fast Five;630,163,454
8;The Hangover Part II;586,464,305
9;The Smurfs;563,749,323
10;Cars 2;560,155,383
11;Puss in Boots;554,987,477
12;Sherlock Holmes: A Game of Shadows;535,663,443
13;Rio;487,519,809
14;Rise of the Planet of the Apes;482,860,185
15;Thor;449,326,618
16;The Adventures of Tintin;373,993,951
17;Captain America: The First Avenger;370,569,776
18;X-Men: First Class;355,408,305
19;Alvin and the Chipmunks: Chipwrecked;349,088,523
20;Bridesmaids;289,632,023
21;Real Steel;263,880,341
22;Super 8;257,972,745
23;Rango;245,724,600
24;The Girl with the Dragon Tattoo;239,373,970
25;The Green Hornet;229,155,503
26;Green Lantern;219,535,492
27;Bad Teacher;215,448,997
28;Just Go With It;214,974,953
29;Battle: Los Angeles;213,463,976
30;The Help;213,120,004
31;Horrible Bosses;212,417,601
32;Immortals;211,562,435
33;Paranormal Activity 3;207,039,844
34;Gnomeo and Juliet;193,737,977
35;Mr. Poppers's Penguins;189,624,452
36;Hop;188,657,593
37;Hugo;180,047,784
38;Cowboys and Aliens;176,038,324
39;The Descendants;175,507,800
40;Zookeeper;170,805,525
41;In Time;165,103,952
42;Johnny English Reborn;164,640,401
43;Midnight in Paris;162,502,774
44;The Muppets;160,971,922
45;Happy Feet Two;157,956,466
46;War Horse;156,815,529
47;Limitless;155,564,919
48;Final Destination 5;155,011,165
49;Jack and Jill;150,519,217
50;Tower Heist;150,422,946
51;Arthur Christmas;149,717,124
52;No Strings Attached;149,228,078
54;New Year’s Eve;146,850,273
55;Friends with Benefits;146,595,891
56;I am Number Four;146,195,159
57;Source Code;140,428,499
58;The Three Musketeers;139,877,913
59;Contagion;137,551,594
60;Unknown;136,123,083
61;The Artist;128,256,712
62;The Adjustment Bureau;126,931,325
63;We Bought a Zoo;118,729,073
64;Water for Elephants;116,809,717
65;Moneyball;111,300,835
66;Sanctum;104,283,753
67;Paul;101,162,106
68;Insidious;99,870,886
69;Justin Bieber: Never Say Never;99,034,125
70;The Rite;97,143,987
71;Dolphin Tale;96,068,724
72;Scream 4;95,989,590
73;Red Riding Hood;91,678,442
74;Season of the Witch;91,126,600
75;Rien à déclarer;89,934,733
76;Sucker Punch;89,758,389
77;Hall Pass;87,173,475
78;The Lincoln Lawyer;87,145,086
79;Abduction;86,648,359
80;J. Edgar;84,606,030
81;Priest;84,154,026
83;Tinker Tailor Soldier Spy;81,452,811
84;Drive;81,357,930
85;Spy Kids: All the Time in the World;80,681,183
86;The Ides of March;77,735,925
87;The Mechanic;76,347,393
88;The Change-Up;75,997,067
89;Diary of a Wimpy Kid: Rodrick Rules;73,695,194
90;Colombiana;72,295,262
91;The Dilemma;70,546,865
92;Killer Elite;65,409,046
93;Hanna;65,343,694
94;Something Borrowed;65,084,116
95;Tropa de Elite 2: O Inimigo Agora É Outro;64,307,758
96;Conan the Barbarian;63,356,133
97;Footloose;62,989,834
98;The Darkest Hour;62,831,715
99;The Tree of Life;61,721,826
100;Larry Crowne;61,449,135
1;The Avengers;1,517,935,897
2;Skyfall;1,110,526,981
3;The Dark Knight Rises;1,084,439,099
4;The Hobbit: An Unexpected Journey;1,017,003,568
5;Ice Age: Continental Drift;879,765,137
7;The Amazing Spider-Man;757,890,267
8;Madagascar 3: Europe's Most Wanted;746,921,271
9;The Hunger Games;677,923,379
10;Men in Black 3;654,213,485
11;Life of Pi;607,258,634
12;Ted;556,016,627
13;Brave;554,606,532
14;Wreck-It Ralph;496,511,521
15;Les Intouchables;484,873,045
16;Django Unchained;449,948,323
17;Les Miserables;442,169,052
18;Prometheus;402,448,265
19;Snow White and the Huntsman;401,021,746
20;Hotel Transylvania;378,505,812
21;Taken 2;377,807,404
22;Doctor Seuss' The Lorax;350,976,753
23;Journey 2: The Mysterious Island;318,146,162
24;Battleship;313,477,717
25;The Expendables 2;311,979,256
26;Rise of the Guardians;306,900,902
27;Wrath of the Titans;305,270,083
28;John Carter;282,778,100
29;The Bourne Legacy;280,355,920
30;Lincoln;273,346,281
31;Resident Evil: Retribution;240,647,629
32;Dark Shadows;238,202,668
33;American Reunion;236,799,211
34;Silver Linings Playbook;236,412,453
35;Argo;227,140,757
36;Jack Reacher;217,370,736
37;Total Recall;211,856,088
38;Safe House;208,542,162
39;Ren zai jiong tu zhi tai jiong;205,400,000
40;21 Jump Street;202,812,429
41;The Vow;197,618,160
42;The Dictator;180,148,897
43;Mirror Mirror;173,613,482
44;Magic Mike;170,549,753
45;Looper;170,466,405
46;Shi Er Sheng Xiao;169,994,606
47;The Impossible;169,590,606
48;Step Up Revolution;165,552,290
49;Flight;160,558,438
50;Underworld: Awakening;160,379,930
51;This Means War;156,974,557
52;Kari gurashi no Arietti;151,496,097
53;Ghost Rider: Spirit of Vengeance;149,217,355
54;Paranormal Activity 4;142,817,992
55;Abraham Lincoln: Vampire Hunter;137,489,730
56;The Pirates! Band of Misfits;136,143,605
57;The Best Exotic Marigold Hotel;134,639,780
58;Zero Dark Thirty;134,612,435
59;Hope Springs;133,085,295
60;Cloud Atlas;130,673,154
61;The Woman in Black;128,955,898
62;Chronicle;123,681,790
63;Parental Guidance;120,832,383
64;Hua Pi 2;118,528,842
65;Pitch Perfect;116,044,347
66;The Iron Lady;115,592,104
67;Think Like a Man;113,373,764
68;ParaNorman;108,119,662
69;The Campaign;104,907,746
70;Project X;103,028,188
71;The Devil Inside;101,759,490
72;Contraband;98,406,855
73;Jin líng shí san chai;98,227,017
74;The Lucky One;96,633,833
76;This is 40;90,221,182
77;What to Expect When You're Expecting;88,473,016
78;Brave Hearts Umizaru;88,331,372
79;Sinister;87,727,807
80;Dodookdeul;86,960,532
81;The Inbetweeners;86,051,320
82;Long men fei jia;85,130,718
83;The Possession;82,925,064
84;Savages;82,513,490
85;Act of Valor;82,497,035
86;The Grey;81,249,176
87;Frankenweenie;81,150,788
88;Diary of a Wimpy Kid: Dog Days;77,229,695
89;Thermae Romae;75,387,554
90;To Rome with Love;74,326,015
91;Here Comes the Boom;73,239,258
92;Anna Karenina;71,004,627
93;The Cabin in the Woods;70,689,968
94;One Piece Film Z;70,569,231
95;Odoru Daisôsasen the Final: Aratanaru kibô;70,519,044
96;Moonrise Kingdom;68,848,446
97;The Watch;67,130,045
98;Secret of the Wings;67,084,376
99;Tyler Perry's Madea's Witness Protection;66,950,887
100;Ek Tha Tiger;62,347,774
1;Frozen;1,272,469,910
2;Iron Man 3;1,215,392,272
3;Despicable Me 2;975,216,835
4;The Hobbit: The Desolation of Smaug;960,366,855
5;The Hunger Games: Catching Fire;864,868,047
6;Fast and Furious 6;789,300,444
7;Monsters University;743,588,329
8;Gravity;693,698,673
9;Man of Steel;667,999,518
10;Thor: The Dark World;644,602,516
11;The Croods;573,068,425
12;World War Z;531,514,650
13;Oz the Great and Powerful;490,359,051
14;Star Trek Into Darkness;467,381,584
15;The Wolverine;416,456,852
16;Pacific Rim;411,002,906
17;The Wolf of Wall Street;389,870,414
18;G.I. Joe: Retaliation;375,740,705
19;The Hangover 3;362,000,072
20;The Great Gatsby;351,040,419
21;The Smurfs 2;348,547,523
22;Now You See Me;342,769,200
23;The Conjuring;318,000,141
24;A Good Day to Die Hard;304,249,198
25;Oblivion;287,916,633
26;Turbo;286,896,578
27;Elysium;286,192,091
28;Cloudy with a Chance of Meatballs 2;274,392,649
29;We're the Millers;267,816,276
30;Epic;262,794,441
31;The Lone Ranger;260,002,115
32;American Hustle;257,878,294
33;After Earth;251,499,665
34;Grown Ups 2;247,023,808
35;Disney Planes;238,059,569
36;The Heat;229,727,774
37;Captain Phillips;220,648,184
38;Hansel & Gretel: Witch Hunters;214,949,716
39;Xi you xiang mo pian;207,927,982
40;White House Down;205,440,387
41;Percy Jackson: Sea of Monsters;200,859,554
42;Jack the Giant Slayer;197,687,603
43;The Secret Life of Walter Mitty;187,861,183
44;12 Years a Slave;181,025,343
45;Lee Daniels' The Butler;177,025,498
46;Identity Thief;175,361,578
47;Anchorman 2: The Legend Continues;172,185,754
48;Insidious Chapter 2;161,921,515
49;Jackass Presents: Bad Grandpa;160,903,019
50;47 Ronin;151,716,815
51;Olympus Has Fallen;150,562,164
52;Lone Survivor;149,804,632
53;Mama;148,095,566
54;RED 2;141,507,355
55;2 Guns;132,493,015
56;Ender's Game;127,983,283
57;This is the End;126,539,117
58;Walking with Dinosaurs;123,368,842
59;Kaze Tachinu;117,924,700
60;Si Ren Ding Zhi;115,889,225
61;Warm Bodies;115,121,608
62;Saving Mr. Banks;114,962,525
63;Prisoners;113,402,302
64;Last Vegas;112,914,167
65;Free Birds;110,387,072
66;Gangster Squad;104,100,903
67;Escape Plan;103,735,965
68;Blue Jasmine;102,912,961
69;No se Aceptan Devoluciones;100,486,616
70;Zhi wo men zhong jiang shi qu de qing chun;100,030,000
71;Philomena;98,963,392
72;Rush;98,230,839
73;Evil Dead;97,778,356
74;42;97,470,701
75;Di Renjie zhi shendu longwang;96,487,783
76;Riddick;94,763,758
77;Safe Haven;94,050,951
78;The Internship;93,672,764
79;The Purge;91,266,581
80;About Time;89,309,178
81;Snowpiercer;88,069,880
82;Jing cha gu shi er ling yi san;86,340,000
83;7-beon-bang-ui seon-mul;84,164,423
84;Běijīng yù shàng xiyǎtú;82,984,614
85;Carrie;82,409,520
86;Pain & Gain;81,275,291
87;R.I.P.D.;79,076,678
88;The Attacks of 26/11;78,879,578
89;Fack ju Göthe;78,792,492
90;Scary Movie V;78,613,981
91;Byeon-ho-in;76,988,372
92;The Book Thief;76,086,711
93;The Mortal Instruments: City of Bones;75,965,567
94;Escape From Planet Earth;74,156,610
95;The Best Man Holiday;72,835,710
96;The Counselor;71,009,334
97;Delivery Man;70,536,870
98;The Call;69,821,476
99;Sole A Catinelle;69,812,795
100;Grudge Match;69,807,260
1;Transformers: Age of Extinction;1,104,039,076
2;The Hobbit: The Battle of the Five Armies;945,869,788
3;Guardians of the Galaxy;770,867,516
4;The Hunger Games: Mockingjay - Part 1;766,652,288
5;Maleficent;758,536,735
6;X-Men: Days of Future Past;747,862,775
7;Captain America: The Winter Soldier;714,401,889
8;Dawn of the Planet of the Apes;710,644,566
9;The Amazing Spider-Man 2;708,996,336
10;Interstellar;667,752,422
11;Big Hero 6;652,127,828
12;How to Train Your Dragon 2;614,586,270
13;American Sniper;547,326,372
14;Godzilla;529,076,069
15;Rio 2;492,846,291
16;Teenage Mutant Ninja Turtles;485,004,754
17;The Lego Movie;457,729,388
18;Lucy;457,507,776
19;Edge of Tomorrow;370,541,256
20;Gone Girl;368,567,189
21;Penguins of Madagascar;366,942,531
22;Night at the Museum: Secret of the Tomb;353,756,621
23;Noah;352,831,065
24;The Maze Runner;348,319,861
25;22 Jump Street;331,333,876
26;300: Rise of an Empire;330,780,051
27;The Fault in Our Stars;307,166,834
28;Divergent;276,014,965
29;Neighbors;270,944,428
30;Mr. Peabody & Sherman;269,806,430
31;Exodus: Gods and Kings;268,314,513
32;Paddington;258,789,097
33;Annabelle;256,862,920
34;The Taking of Tiger Mountain;255,982,933
35;Hercules;243,388,614
36;RoboCop;242,981,799
37;The Imitation Game;227,740,463
38;Non-Stop;222,383,055
39;Dracula Untold;220,241,723
40;Into the Woods;213,116,401
41;Fury;210,315,681
42;The Expendables 3;209,461,378
43;The Other Woman;195,111,193
44;Need for Speed;194,169,619
45;The Equalizer;192,903,624
46;Xin Hua Lu Fang;188,744,961
47;Xi you ji: Da nao tian gong;167,840,000
48;The Grand Budapest Hotel;163,981,261
49;Unbroken;163,527,824
50;The Monuments Men;158,702,748
51;Dumb and Dumber To;156,553,592
52;Planes: Fire and Rescue;156,399,644
53;Ride Along;153,733,800
54;Into the Storm;150,429,371
55;Stand By Me Doraemon;147,000,000
56;Annie;139,829,625
57;Let’s Be Cops;136,890,774
58;Myeong-ryang;133,450,917
59;Jack Ryan: Shadow Recruit;131,377,412
60;Blended;127,990,741
61;Sex Tape;126,069,509
62;The Theory of Everything;123,327,692
63;The Nut Job;122,529,966
64;Qu'est ce qu'on a fait au bon dieu;120,000,000
65;Where Are We Going Dad?;112,370,000
66;The Boxtrolls;111,946,251
67;The Purge: Anarchy;111,534,881
68;Seventh Son;108,874,967
69;Pompeii;108,469,033
70;The Breakup Guru;106,798,959
71;Horrible Bosses 2;105,945,357
72;Ouija;103,300,632
73;Birdman or (The Unexpected Virtue of Ignorance);103,215,094
74;Transcendence;103,039,258
76;Heaven is for Real;100,916,299
77;Hou hui wu qi;100,110,000
78;Gukjesijang;99,684,837
79;The Book of Life;97,651,543
80;Tammy;96,407,655
81;P.K.;95,616,104
82;The Hundred-Foot Journey;94,270,488
83;Cong cong na nian;94,036,853
84;Paranormal Activity: The Marked Ones;90,904,854
85;Deliver Us from Evil;87,956,618
86;A Million Ways to Die in The West;86,778,557
87;Ao men feng yun;84,570,000
88;La famille Bélier;82,438,670
89;Yi bu zhi yao;81,300,000
90;Muppets Most Wanted;79,312,301
91;If I Stay;78,356,170
92;Ocho Apellidos Vascos;77,862,751
93;Step Up All In;77,804,384
94;John Wick;76,235,001
95;The Judge;76,119,388
96;Xiao shi dai 3;75,490,000
98;Brick Mansions;73,421,224
99;Tong zhuo de ni;73,050,000
100;Son of God;70,949,793
1;Star Wars Ep. VII: The Force Awakens;2,053,311,220
2;Jurassic World;1,648,893,208
3;Furious 7;1,518,722,794
4;Avengers: Age of Ultron;1,403,013,963
5;Minions;1,160,336,173
6;Spectre;879,620,923
7;Inside Out;854,238,127
8;Mission: Impossible—Rogue Nation;688,864,398
9;The Martian;655,271,443
10;The Hunger Games: Mockingjay - Part 2;648,986,787
11;Fifty Shades of Grey;570,998,101
12;Cinderella;534,551,353
13;The Revenant;532,950,503
14;Ant-Man;518,860,086
15;Hotel Transylvania 2;469,500,298
16;San Andreas;456,261,781
17;Terminator: Genisys;432,150,894
18;Kingsman: The Secret Service;404,561,724
19;Home;385,997,896
20;Mad Max: Fury Road;370,098,020
21;Zhuo yao ji;359,495,591
22;The Good Dinosaur;333,771,037
23;Taken 3;327,656,424
24;The SpongeBob Movie: Sponge Out of Water;311,013,181
25;Maze Runner: The Scorch Trials;310,566,162
26;The Divergent Series: Insurgent;295,075,882
27;Pitch Perfect 2;287,625,468
28;The Peanuts Movie;250,091,610
29;Alvin and the Chipmunks: The Road Chip;249,517,956
30;The Ghouls;248,692,722
31;Pixels;244,041,804
32;Daddy’s Home;242,757,137
33;Gang jiong;237,273,381
34;Spy!;233,121,406
35;Everest;221,297,061
36;Ted 2;217,214,143
37;Xia Luo Te Fan Nao;211,569,747
38;Tomorrowland;206,627,817
39;Straight Outta Compton;202,182,981
40;The Intern;197,115,710
41;Jupiter Ascending;181,982,519
42;Creed;173,567,581
43;Jian Bing Man;169,842,267
44;Focus;168,065,700
45;The Fantastic Four;167,977,596
46;Xi you ji zhi da sheng gui lai;166,968,128
47;Bridge of Spies;162,498,338
48;Goosebumps;158,905,324
49;Yip Man 3;157,300,954
50;Pan;151,525,973
51;The Hateful Eight;147,864,886
52;Gun dan ba! Zhong liu jun;146,486,639
53;Du Cheng Feng Yun 2;146,203,224
54;Trainwreck;141,123,897
55;Lao pao er;139,204,612
56;The Big Short;133,162,752
57;The Last Witch Hunter;130,837,079
58;Point Break;126,704,591
59;Fack ju Gohte 2;125,000,000
60;Magic Mike XXL;123,664,233
61;Tian jiang xiong shi;122,519,874
62;Bajrangi Bhaijaan;121,777,320
63;Tang ren jie tan an;120,643,551
64;Insidious Chapter 3;120,453,155
65;Lang Tu Teng;117,101,252
66;Paul Blart: Mall Cop 2;107,650,646
67;Get Hard;106,511,453
68;Jiu ceng yao ta;106,380,000
69;Sisters;106,030,660
70;Chappie;105,002,056
71;The Man From U.N.C.L.E.;104,949,584
72;Vacation;102,306,500
73;The Little Prince;102,029,819
74;Shaun the Sheep;101,927,062
75;Joy;101,134,059
76;Gui Chui Deng Zhi Jiu Ceng Yao Ta;99,120,000
77;Black Mass;98,837,872
78;The Visit;98,677,816
79;E gun tian shi;98,632,192
80;Assassination;96,933,361
81;Poltergeist;95,718,291
82;Sha po long 2;94,809,560
83;Southpaw;94,207,861
84;Spotlight;92,088,460
85;Veteran;90,498,430
86;The Second Best Exotic Marigold Hotel;90,384,306
87;In the Heart of the Sea;89,693,309
88;Paper Towns;85,512,300
89;Sicario;84,397,880
90;Hitman: Agent 47;82,184,298
91;Our Times;82,015,701
92;Zhan Lang;81,461,069
93;The Wedding Ringer;80,171,596
94;Tiny Times 4.0;79,230,000
95;Paranormal Activity: The Ghost Dimension;77,959,374
96;Zuo Er;77,910,000
97;Crimson Peak;74,967,304
98;War Room;73,975,239
99;The Transporter Refueled;69,698,495
100;The Age of Adaline;68,984,536
1;Captain America: Civil War;1,140,081,024
2;Rogue One: A Star Wars Story;1,049,175,577
3;Finding Dory;1,021,350,883
4;Zootopia;1,019,704,348
5;The Jungle Book;962,872,701
6;The Secret Life of Pets;886,767,422
7;Batman v Superman: Dawn of Justice;867,504,099
8;Fantastic Beasts and Where to Find Them;802,437,668
9;Deadpool;801,029,249
10;Suicide Squad;746,069,242
11;Doctor Strange;676,486,457
12;Moana;637,519,488
13;Sing;634,458,571
14;Mei Ren Yu;554,516,671
15;X-Men: Apocalypse;542,538,822
16;Kung Fu Panda 3;517,601,713
17;La La Land;427,419,178
18;Warcraft;425,526,153
19;Jason Bourne;416,170,681
20;Ice Age: Collision Course;402,213,602
21;Independence Day: Resurgence;384,173,643
22;The Angry Birds Movie;352,330,117
23;The Legend of Tarzan;348,904,242
24;Kimi no na wa;347,179,514
25;Trolls;344,118,105
26;Star Trek Beyond;335,802,233
27;The Great Wall;334,550,106
28;Now You See Me 2;328,328,887
29;Resident Evil: The Final Chapter;314,109,954
30;The Conjuring 2: The Enfield Poltergeist;311,270,008
31;Passengers;302,239,672
32;Miss Peregrine’s Home for Peculiar Children;296,060,370
33;Dangal;294,654,618
34;Alice Through the Looking Glass;276,934,087
35;Teenage Mutant Ninja Turtles: Out of the Shadows;245,330,198
36;Assassin’s Creed;240,786,768
37;Sully;238,535,513
38;Hidden Figures;231,771,716
39;Ghostbusters;229,012,195
40;Inferno;219,561,188
41;Central Intelligence;217,196,811
42;Me Before You;208,266,012
43;Bridget Jones’s Baby;205,936,537
44;Arrival;203,162,211
45;The BFG;199,652,899
46;London Has Fallen;195,194,223
47;Xi You Ji zhi Sun Wu Kong San Da Bai Gu Jing;194,058,503
48;Storks;183,371,420
49;Du cheng feng yun III;182,579,909
50;Bad Moms;180,998,746
51;The Girl on the Train;174,304,381
52;Operation Mekong;173,145,204
53;The Divergent Series: Allegiant;172,025,626
54;Hacksaw Ridge;168,940,583
55;The Huntsman: Winter’s War;165,099,895
56;The Magnificent Seven;162,526,238
57;Jack Reacher: Never Go Back;159,949,448
58;Don’t Breathe;158,973,685
59;The Accountant;152,967,088
60;Lion;149,573,025
61;Lights Out;148,807,333
62;Time Raiders;145,974,597
63;Sausage Party;141,354,394
64;Gods of Egypt;138,851,895
65;Pete’s Dragon;137,768,975
66;Skiptrace;131,202,443
67;Ride Along 2;124,827,316
68;Deepwater Horizon;122,606,772
69;I Belonged to You;119,418,869
70;Allied;119,280,834
71;The Shallows;118,763,442
72;The Purge: Election Year;118,517,130
73;Why Him?;117,439,538
74;Finding Mr Right 2;116,100,802
75;Da Huo Zhong;116,000,000
76;The 5th Wave;111,336,398
77;Mechanic: Resurrection;109,785,253
78;Neighbors 2: Sorority Rising;108,758,521
79;10 Cloverfield Lane;108,286,422
80;Dirty Grandpa;105,241,410
81;Cold War 2;104,560,824
82;Railroad Tigers;101,813,277
83;How to be Single;100,021,275
84;Busanhaeng;98,458,103
85;Ballerina;96,908,157
86;Some Like It Hot;95,697,808
87;Money Monster;93,469,699
88;My Big Fat Greek Wedding 2;92,092,715
89;Ben-Hur;91,669,721
90;Office Christmas Party;91,334,989
91;Line Walker;89,565,024
92;War Dogs;86,234,523
93;Dà Yú Hǎi Tang;85,570,010
94;Collateral Beauty;85,315,070
95;Ouija: Origin of Evil;81,831,866
96;Underworld: Blood Wars;81,209,536
97;The Boss;78,652,395
98;Manchester by the Sea;77,733,867
99;Kubo and the Two Strings;77,548,564
100;Mike and Dave Need Wedding Dates;75,898,325
